State,District,2000 - 2001,2001 - 2002,2002 - 2003,2003 - 2004,2004 - 2005,2005 - 2006,2006 - 2007,2007 - 2008,2008 - 2009,2009 - 2010,2010 - 2011,2011 - 2012,2012 - 2013,2013 - 2014,2014 - 2015,2015 - 2016,2016 - 2017,2017 - 2018,2018 - 2019,2019 - 2020,2020 - 2021,2021 - 2022,2022 - 2023
Andhra Pradesh,Anantapur,17.02,17.93,13.27,17.69,19.03,19.1,13.03,19,17.86,18.74,18.25,14.78,12.5,22.43,18.53,20.1,23.4,64.9,57.22,21.54,,,
Andhra Pradesh,Chittoor,18.38,18.5,15.3,17.82,19.11,21.26,20.42,,19.43,20.01,23.55,17.57,,21.58,20.36,16.93,19.52,22.62,24.24,22,,,
Andhra Pradesh,East Godavari,16.71,14.94,12.28,14.3,17.18,18.96,16.01,14,16.68,16.65,19.78,14.91,11,18.82,18.34,16.67,16.47,3.85,19.78,22.08,,,
Andhra Pradesh,Guntur,16.81,13.4,15.04,11.27,15.88,18.17,15.05,18,17.18,16.74,15.35,14.41,13,18.82,18.3,14.97,22.69,19,22.89,22,,,
Andhra Pradesh,Krishna,16.95,15.54,12.6,11.27,17.47,19.4,13.91,,12.08,24.29,13.83,23.16,,18.5,17.69,,24,,,,,,
Andhra Pradesh,Kurnool,15.58,16.71,13.51,16.63,17.93,21.35,18.64,17.81,18.41,18.21,23.01,15.85,18.94,21.17,19.56,17.67,17.73,39.47,34.43,21.61,,,
Andhra Pradesh,Prakasam,14.84,14.89,12.22,12.4,17.13,19.31,14.44,,15.6,19.03,18.73,18.1,11,18.79,18.26,16.47,24.11,15.31,6.53,22,,,
Andhra Pradesh,Spsr Nellore,13.96,13.96,11.96,14.44,16.98,18.84,16.47,,16.81,16.2,19.86,14.79,,18.83,18.37,16.4,23.68,,,,,,
Andhra Pradesh,Srikakulam,16.97,17.59,9.17,12.33,18.71,20.84,11.57,11,9.13,25.17,15.15,24.84,21,18.52,17.67,14.33,22.34,55.45,80.13,22.22,,,
Andhra Pradesh,Visakhapatanam,16.78,15.64,12.42,11.93,17.35,19.6,13.11,,12.09,23.12,14.94,21.96,,18.6,17.88,15.23,22.71,10.14,9.4,22.25,,,
Andhra Pradesh,Vizianagaram,16.84,15.4,12.42,11.96,17.37,19.6,14.51,,12.51,22.15,15.24,21.8,,18.63,17.87,14.94,22.76,9.42,13.04,21.91,,,
Andhra Pradesh,West Godavari,,16,,,,,,,,,,,,,,14,,,,,,,
Andhra Pradesh,Y.s.r.,13.93,8.67,10.66,9.98,12.73,10.19,13.96,4,10.83,10.08,10.47,11.22,17.33,9.94,12.99,11.4,12.78,20.49,18.18,21.76,,,
Assam,Baksa,,,,,,1,1,1,1,1,1,3,3.25,3.26,3.27,3.27,3.6,3.61,3.75,4.22,4.23,4.23,4.39
Assam,Barpeta,1.5,1.5,1.5,1.5,1.5,1.5,1.5,1.5,1.5,1.5,1.5,3.14,5.36,6,6.01,14.87,15.84,15.84,18.54,18.58,18.58,17.58,18.57
Assam,Biswanath,,,,,,,,,,,,,,,,,,,,,12.39,12.37,12.39
Assam,Bongaigaon,2,2,2,2,2,2,2,2,2,2,2,2.17,2.37,2.38,2.39,2.39,2.71,2.73,2.9,3.35,3.34,4.17,4.2
Assam,Cachar,3.24,3.24,3.24,3.25,3.25,3.25,3.25,3.25,3.25,3.26,3.25,3.35,3.63,3.45,3.46,13.23,13.31,13.4,13.36,13.52,13.52,13.51,13.52
Assam,Charaideo,,,,,,,,,,,,,,,,,,,,,4.03,4.03,4.34
Assam,Chirang,,,,,,2,2,2,2.01,2,2,3.02,3.15,3.15,3.16,3.18,3.56,3.56,3.72,3.82,6.84,6.84,6.86
Assam,Darrang,2.5,2.5,2.5,2.5,2.5,2.5,2.5,2.5,2.5,2.5,2.5,4.63,4.73,6.42,6.42,18.96,18.96,18.98,18.95,18.97,18.97,17.97,18.97
Assam,Dhemaji,2.68,2.67,2.67,2.68,2.54,2.65,2.63,2.8,2.8,2.75,2.75,1.5,1.73,1.73,1.73,1.75,2.42,2.43,2.6,3.12,3.12,3.12,3.19
Assam,Dhubri,2.6,2.6,2.6,2.6,2.6,2.6,2.6,2.6,2.6,2.6,2.6,3.07,3.28,3.28,3.28,17.56,17.57,17.57,18.66,19.76,18.1,18.1,18.1
Assam,Dibrugarh,1.55,1.85,1.64,1.69,1.73,1.69,1.7,1.7,1.69,1.7,1.71,2.96,2.97,2.97,2.99,3,3.84,3.86,3.23,4.46,4.46,4.46,4.58
Assam,Dima Hasao,1.39,1.42,1.4,1.38,2.05,1.62,1.7,1.64,1.63,1.67,1.66,3.19,3.42,3.41,3.43,3.49,4.26,4.27,4.5,5.53,5.53,5.53,5.69
Assam,Goalpara,1.98,1.98,1.99,1.98,1.98,1.98,1.98,1.98,2.04,2,2.01,2.16,3.27,3.27,3.61,11.68,11.73,11.74,11.73,10.72,10.71,10.71,10.73
Assam,Golaghat,3.18,3.22,3.23,3.22,3.23,3.23,3.23,3.22,3.22,3.24,3.23,3.34,3.46,3.46,3.47,3.47,4.12,4.12,4.37,5.23,5.23,5.23,5.22
Assam,Hailakandi,1.77,1.7,1.7,1.72,1.71,1.72,1.72,1.71,1.7,1.72,1.73,1.5,1.71,1.75,1.75,12.11,12.2,12.33,12.22,12.38,12.43,12.33,14.2
Assam,Hojai,,,,,,,,,,,,,,,,,,,,,14.55,14.55,14.53
Assam,Jorhat,2.2,2.2,2.2,2.2,2.2,2.2,2.2,2.2,2.19,2.2,2.2,2.27,2.29,2.29,2.29,2.35,2.79,2.8,2.99,3.59,3.58,3.58,3.82
Assam,Kamrup,2.76,2.75,2.77,2.78,2.95,2.9,2.91,2.94,2.93,2.92,2.92,3.38,3.48,3.49,3.49,10.43,10.46,10.47,12.4,14.4,13.41,13.41,13.41
Assam,Kamrup Metro,,,,,,3,3,2.94,2.97,2.97,2.96,3.84,2.45,2.45,2.46,2.46,3.26,3.28,3.58,4.61,4.61,4.6,4.75
Assam,Karbi Anglong,2.02,2.04,2.04,2.04,2.37,2.07,2.27,2.3,2.21,2.24,1.91,2,2.13,2.13,2.53,2.55,2.86,2.87,3.01,3.45,3.45,3.45,3.58
Assam,Karimganj,3.08,3.07,3.07,3.07,3.08,3.09,3.08,3.04,3.06,3.07,3.07,3.17,3.4,3.39,3.4,8.84,8.95,8.95,8.95,9.18,9.21,9.2,9.5
Assam,Kokrajhar,2.8,2.8,2.8,2.8,2.8,2.8,2.8,2.8,2.8,2.8,2.8,2.84,2.94,2.94,2.96,2.97,3.2,3.23,3.34,3.67,3.67,3.67,3.7
Assam,Lakhimpur,2.67,2.67,2.67,2.67,2.67,2.67,2.68,2.68,2.66,2.66,2.66,2.83,2.94,2.94,2.97,2.98,3.33,3.34,3.48,3.94,4.33,4.32,4.38
Assam,Majuli,,,,,,,,,,,,,,,,,,,,,3.59,3.59,3.63
Assam,Marigaon,2.65,2.65,2.65,2.65,2.65,2.65,2.65,2.65,2.65,2.65,2.65,2.14,2.41,2.41,2.42,2.43,2.7,2.71,2.82,3.15,3.55,3.55,3.61
Assam,Nagaon,2.1,2.1,2.1,2.1,2.1,2.1,2.1,2.1,2.22,2.14,2.16,2.28,3.29,3.29,3.3,16.51,16.52,13.09,12.78,14.55,14.55,14.55,14.55
Assam,Nalbari,1,1,1,1,1,1,1,1,1,1,1,4.52,4.64,4.64,4.65,4.65,3.58,3.58,5.13,5.63,5.63,5.63,5.69
Assam,Sivasagar,2.43,2.49,2.46,2.43,2.46,2.52,2.53,2.53,2.56,2.44,2.33,2.68,2.78,2.79,2.79,2.79,3.64,8.59,3.97,4.05,4.04,4.03,4.22
Assam,Sonitpur,3.52,3.5,3.5,3.55,3.64,4.71,4.73,4.35,4.61,4.57,3.23,4.64,4.75,4.75,4.76,10.46,10.51,10.05,11.38,12.38,12.38,12.38,12.38
Assam,South Salmara Mancachar,,,,,,,,,,,,,,,,,,,,,18.1,18.1,18.08
Assam,Tinsukia,2,2.13,2.04,2.05,2.12,2.13,2.13,2.07,2,2.03,2,5.41,5.46,5.46,5.46,5.48,3.68,6.4,5.58,6.56,6.52,5.6,6.65
Assam,Udalguri,,,,,,2.5,2.5,2.5,2.5,2.5,2.5,2.77,2.87,2.87,2.88,2.88,3.21,3.22,3.35,3.8,3.8,3.81,3.83
Assam,West Karbi Anglong,,,,,,,,,,,,,,,,,,,,,3.43,3.44,3.75
Bihar,Araria,7.93,8.28,8.48,7.5,7.96,8.92,,10.11,10.25,,,,,,,,11.86,14.15,13.13,13.35,14.96,13.44,5.94
Bihar,Arwal,,,,7.64,7.24,7.35,,8.69,6.88,,,,,,,,7.42,12.31,6.34,7.55,10.62,15.11,15.32
Bihar,Aurangabad,8.6,11.22,4.68,8.53,8.31,7.86,,12.05,7.34,,,,,,,,7.42,12.31,6.33,10.63,10.62,15.12,15.32
Bihar,Banka,10.21,9.55,8.62,9.48,7.53,8.72,,9,9.29,,,,,,,,11.86,14.15,13.14,13.34,14.94,13.94,14.63
Bihar,Begusarai,11.24,11.15,8.59,9.49,5.83,8.73,,8.55,,,,,,,,,11.13,12.28,,5.96,,14.99,14.6
Bihar,Bhagalpur,10.21,9.55,8.59,9.49,7.55,8.73,,8.99,9.31,,,,,,,,11.86,14.15,13.13,13.35,14.95,13.93,14.64
Bihar,Bhojpur,10.65,8.4,8.04,8.09,7.3,8.54,,7.09,8,,,,,,,,14.41,16.42,16.87,9.19,14.73,12.97,17.57
Bihar,Buxar,12.08,10.58,9.64,12.79,9.45,8.54,,9.97,8.55,,,,,,,,12.06,26.13,15.15,13.34,12.34,9.66,12
Bihar,Darbhanga,17.16,6.03,10.09,9.32,7.88,7.17,,7.77,8.55,,,,,,,,6.3,20,6.87,28.01,34.42,18,8.71
Bihar,Gaya,5.87,11.22,4.68,7.17,5.8,6.1,,4.79,6.49,,,,,,,,7.42,9.47,6.34,11.41,10.62,15.11,15.32
Bihar,Gopalganj,7.26,7.48,8.06,8.45,8.97,8.62,,9.47,9.29,,,,,,,,5,13.6,11.06,9.99,15.05,18.46,15.25
Bihar,Jamui,7.88,14.57,8.59,9.49,5.83,8.73,,,8.8,,,,,,,,11.12,12.27,12.03,5.97,11.32,14.98,14.49
Bihar,Jehanabad,8.6,11.22,4.68,7.64,7.24,7.35,,8.69,6.88,,,,,,,,7.42,12.32,6.34,10.62,10.62,15.11,15.32
Bihar,Kaimur (Bhabua),12.54,10.58,9.64,12.79,9.45,8.54,,9.97,11.38,,,,,,,,16.47,,,16.96,14.07,12.98,17.58
Bihar,Katihar,7.86,8.08,8.09,7.1,8.06,8.28,,9.28,9.1,,,,,,,,11.86,14.15,13.13,13.35,14.95,9.93,5.94
Bihar,Khagaria,4.94,14.57,8.59,9.49,5.83,8.73,,8.55,8.81,,,,,,,,11.12,12.27,11.38,5.97,13.62,14.98,14.59
Bihar,Kishanganj,7.82,7.92,7.77,7.56,8.52,7.82,,7.8,7.46,,,,,,,,11.86,14.15,13.13,13.35,14.96,14.9,5.94
Bihar,Lakhisarai,7.88,14.57,8.59,9.49,5.84,8.73,,8.55,8.81,,,,,,,,,,11.33,5.95,13.67,14.98,14.59
Bihar,Madhepura,12.37,13.89,12.99,10.65,7.55,6.23,,6.57,6.99,,,,,,,,11.86,10.54,11.91,5.06,21.63,14.11,13.75
Bihar,Madhubani,17.16,6.03,11.04,10.69,11.19,8.42,,8.77,9.23,,,,,,,,5.81,20,6.78,28.02,11.97,11.79,4.66
Bihar,Munger,7.88,14.58,8.58,9.49,5.83,8.74,,8.55,8.81,,,,,,,,11.13,12.27,11.4,5.94,13.63,15,14.59
Bihar,Muzaffarpur,7.41,10.02,7.24,7.55,5.69,7.32,,9.52,5.97,,,,,,,,9.89,11.95,12.57,14.13,9.56,10.9,14.11
Bihar,Nalanda,10.04,6.73,8.51,18.01,11.15,10.99,,13.91,19.34,,,,,,,,26.11,18.79,23.75,25.04,17,18.2,18.88
Bihar,Nawada,13.9,11.22,4.68,7.64,9.16,7.15,,8.69,6.88,,,,,,,,7.45,16.68,6.34,10.64,10.63,15.12,
Bihar,Pashchim Champaran,9.18,9.21,7.6,8.38,1.55,7.83,,7.9,8.07,,,,,,,,5.69,14.5,14.31,14.33,13.45,13.67,15.34
Bihar,Patna,15.93,14.9,11.3,9.3,8.29,6.96,,7.19,5.76,,,,,,,,7.6,12.81,15.85,13.51,12.31,11.52,17.48
Bihar,Purbi Champaran,8.6,8.64,8.21,7.32,8.81,5.3,,8.84,8.92,,,,,,,,15.15,7.87,13.61,14.14,3.95,9.73,15.28
Bihar,Purnia,7.87,8.14,8.2,9.22,5.5,7.19,,9.28,9.1,,,,,,,,11.86,14.15,13.13,13.36,14.95,13.45,5.93
Bihar,Rohtas,16.52,10.58,9.64,12.79,9.45,8.54,,9.97,11.38,,,,,,,,25.74,8.15,18.88,20.24,14.06,12.98,17.58
Bihar,Saharsa,12.37,13.89,12.99,10.65,7.55,6.22,,6.57,,,,,,,,,11.86,10.54,11.91,5.06,21.63,16.61,7.09
Bihar,Samastipur,17.16,6.03,9.19,8.1,5.07,6.05,,7.05,6.76,,,,,,,,6.76,20,6.92,28.02,58.7,24.45,12.87
Bihar,Saran,6.56,6.74,7.91,8.63,10.01,10.45,,9.88,9.31,,,,,,,,5.04,13.6,11.08,9.98,15.04,18.46,15.24
Bihar,Sheikhpura,7.89,24.18,8.59,9.49,5.83,8.73,,8.55,8.81,,,,,,,,11.12,12.28,11.14,5.97,14.46,14.98,14.62
Bihar,Sheohar,8.61,8.87,7.53,8.12,5.69,10.76,,,,,,,,,,,9.88,,12.56,14.17,9.54,10.92,14.08
Bihar,Sitamarhi,10.44,7.82,9.02,10.91,9.47,16.92,,8.75,8.7,,,,,,,,9.89,11.95,12.57,14.13,9.56,10.9,14.12
Bihar,Siwan,7.87,8.33,8.18,8.27,7.71,6.28,,8.71,9.31,,,,,,,,5.04,13.6,11.08,9.98,15.04,18.46,15.24
Bihar,Supaul,12.37,13.89,12.99,10.65,7.55,6.22,,6.57,6.99,,,,,,,,11.86,10.54,11.91,5.06,21.63,13.8,14.58
Bihar,Vaishali,7.35,8.86,5.58,5.45,5.98,5.38,,9.91,11.63,,,,,,,,9.89,12.1,10.29,13.93,11.12,9.82,12.14
Chandigarh,Chandigarh,15,15,31.67,17.5,17,17,17,17.5,17.5,18.33,18.67,17.5,30,28.33,26.67,20,,,,,,,
Chhattisgarh,Balod,,,,,,,,,,,,3.8,2.4,6.43,11,6,,,,,1,8,
Chhattisgarh,Baloda Bazar,,,,,,,,,,,,4.31,3.24,7.06,8.62,9.55,3.07,5.27,5.57,4.27,4.27,6.27,7.55
Chhattisgarh,Balrampur,,,,,,,,,,,,4.81,3.25,8,15.36,9.78,2.03,5.41,4.67,4.49,4.25,5.41,6.99
Chhattisgarh,Bastar,7.58,8.84,8.37,7.08,6.1,5.55,4.65,4.53,5.47,,5.43,4.76,3.22,4.97,8.58,5.57,2.74,5.88,4.48,4.62,4.36,6.2,7.64
Chhattisgarh,Bemetara,,,,,,,,,,,,3.8,2.14,5.29,8.74,4.53,1.36,4.58,3.79,,3.72,5.16,5.94
Chhattisgarh,Bijapur,,,,,,,,9,,,,,2,5,10,7,6,,,,,10,
Chhattisgarh,Bilaspur,8.37,10.33,8.84,9.97,7.26,6.28,45.49,5.22,6.29,5.98,5.61,5.9,3.98,8.03,10.98,6.8,3.78,7.88,7.25,7.27,5.91,7.72,9.59
Chhattisgarh,Dantewada,,,,,8.5,,,,,,,,,6,,,,,,,,,
Chhattisgarh,Dhamtari,7.65,8.66,7.81,6.65,5.7,5.18,4.31,4.23,5.73,4.24,5.72,4.99,3.37,6.81,9.01,5.76,2.75,6.65,5.41,5.67,6,7.75,9.5
Chhattisgarh,Durg,5.73,5.86,6.04,5.7,4.7,4.2,3.76,3.7,4.47,3.11,4.15,3.81,2.42,4.45,7.69,4.15,1.43,1.36,4,4.44,3.93,6.28,6.67
Chhattisgarh,Gariyaband,,,,,,,,,,,,4.31,3.13,5.65,8.63,6.44,3.07,5.18,4.39,4.53,6.48,7.14,8.97
Chhattisgarh,Gaurella Pendra Marwahi,,,,,,,,,,,,,,,,,,,,7.04,5.94,7.71,9.58
Chhattisgarh,Janjgir-Champa,8.97,10.16,9.63,8.82,7.02,6.38,5.3,5.21,5.77,5.45,5.61,6.3,3.98,8.03,8.85,6.8,3.15,7.88,5.84,5.19,5.96,7.71,9.95
Chhattisgarh,Jashpur,10.96,12.41,11.37,9.8,8.44,7.92,6.04,5.94,7.43,6.05,8.23,6.73,4.87,9.98,12.98,8.31,3.9,9.79,7.92,7.69,7.4,9.58,11.95
Chhattisgarh,Kabirdham,5.44,7.36,5.68,5.55,3.8,3.45,4.02,3.95,3.41,2.72,4.37,3.19,2.59,6.08,8.05,5.51,2.44,5.53,4.49,4.43,4.84,6.25,7.81
Chhattisgarh,Kanker,7.83,10.11,5.38,7.07,6.19,5.55,4.62,4.54,5.49,4.07,5.44,4.09,2.02,3.79,5.93,4.64,2.25,5.26,4.27,4.31,4.17,5.4,6.6
Chhattisgarh,Khairgarh Chhuikhadan Gandai,,,,,,,,,,,,,,,,,,,,,,,6.71
Chhattisgarh,Kondagaon,,,,,,,,,,,,4.78,3.22,4.96,8.16,5.04,2.15,,4.73,4.5,4.46,5.8,7.2
Chhattisgarh,Korba,8.97,10.16,9.58,8.14,5.85,5.53,5.3,5.21,5.24,4.19,5.61,4.93,3.32,6.69,8.85,5.67,3.22,7.81,5.7,6.27,5.96,7.44,9.3
Chhattisgarh,Korea,6.89,7.21,7.63,6.26,5.14,3.93,3.82,3.75,4.61,3.5,3.74,3.56,2.64,5.69,7.67,4.42,2.11,5.6,4.45,3.5,,,7.06
Chhattisgarh,Mahasamund,8.13,6.88,7.43,6.17,5.13,5.18,4.37,4.3,4.68,4.08,5.25,4.86,3.29,6.52,8.62,5.52,2.56,6.32,,4.51,4.82,6.24,10.75
Chhattisgarh,Manendragarh Chirimiri Bharatpur,,,,,,,,,,,,,,,,,,,,,,,9.45
Chhattisgarh,Mungeli,,,,,,,,,,,,5.93,3.98,8.06,10.62,7.02,3.51,10.12,13.05,6.33,6.46,8.35,
Chhattisgarh,Narayanpur,,,,,,,,9,6,4,5,,,,,,,7.5,9.67,10,1,10,10
Chhattisgarh,Raigarh,10.05,12.41,11.57,9.79,8.01,7.54,6.58,6.47,7.94,6.15,8.22,6.97,4.71,10.14,,,,10.12,7.8,7.58,6.79,,
Chhattisgarh,Raipur,7.17,8.38,7.81,6.62,5.79,5.18,4.37,4.3,4.51,4.08,4.73,4.31,2.91,7.07,8.63,6.44,2.81,7.46,5.6,5.48,4.33,6.7,8.03
Chhattisgarh,Rajnandgaon,6.02,6.38,6.25,6.23,5.03,4.28,3.55,3.49,3.61,3.26,4.37,3.83,2.37,7.48,8.05,5.15,1.89,5.5,0.78,4.58,4.45,5.6,8.64
Chhattisgarh,Sakti,,,,,,,,,,,,,,,,,,,,,,,13.3
Chhattisgarh,Sarangarh Bilaigarh,,,,,,,,,,,,,,,,,,,,,,,10.79
Chhattisgarh,Surajpur,,,,,,,,,,,,4.81,2.59,6.74,3.54,2.62,5.58,6.52,5.28,5.22,4.94,5.94,8.54
Chhattisgarh,Surguja,7.21,7.93,7.63,6.16,4.98,5.05,4.26,4.19,3.72,3.51,3.74,4.81,3.25,5.89,7.54,4.66,2.3,6.15,4.98,4.85,4.73,6.12,7.3
Gujarat,Ahmadabad,,39,27,,,,,31.83,,,20.5,22,,,,26.93,26.05,28.73,,,29.56,27.76,26.07
Gujarat,Amreli,21,27.63,28.5,33.05,29.46,29.45,22.4,29.82,27.4,27.42,27.39,29.38,23.33,43.53,29.52,29.79,30.19,27.97,29.96,35.9,34.98,34.73,32.17
Gujarat,Anand,,,,34,23.5,24.5,18,34,26,29.33,23,29.17,26.25,30.51,27.88,26.93,,28.68,,28.47,,28.53,27.56
Gujarat,Arvalli,,,,,,,,,,,,,,,27.88,26.93,26.05,28.68,28.22,29.27,29.56,27.76,27.55
Gujarat,Banas Kantha,18.67,29.33,25,,39,,18,25,28,26.67,,7,,30.5,27.83,26.91,26,28.68,28.22,29.27,29.56,27.76,27.55
Gujarat,Bharuch,13,,21,,,,,,,,,,12,30.52,,,,,27.55,28.59,28.68,28.35,28.2
Gujarat,Bhavnagar,16.57,23.74,28.75,28.58,26.03,27.23,24.14,33.3,28.57,27.43,27.21,29.7,27,30.05,27.81,26.77,26.69,29.27,28.67,29.02,28.55,26.25,26.19
Gujarat,Botad,,,,,,,,,,,,,,,28.12,27.78,26.43,23.76,17.49,21.35,24.94,27.69,27.69
Gujarat,Chhotaudepur,,,,,,,,,,,,,,,22.75,22.16,45.17,25.09,,29.3,,20.5,
Gujarat,Dang,,,,,,,23.33,30.25,26.2,28.4,28.33,30.33,28.67,30.51,,,,,,29.27,29.56,27.76,27.55
Gujarat,Devbhumi Dwarka,,,,,,,,,,,,,,,27.88,27,26.05,28.68,,29.28,29.56,27.3,
Gujarat,Dohad,,,,30.67,27.71,28.43,22.67,29.47,29.25,25.25,28.83,30.25,24.71,30.51,27.88,26.93,26.05,28.68,28.22,29.27,29.56,27.76,27.55
Gujarat,Gandhinagar,,,,,,,12,,14,,,,,,,,,,,,,28,
Gujarat,Gir Somnath,,,,,,,,,,,,,,,27.88,26.93,23.78,28.68,28.22,28.95,29.56,26.44,29.94
Gujarat,Jamnagar,22.5,29.9,29,32.96,29.95,27.84,22,20.59,19.22,25.22,26.51,25.04,24.8,30.6,27.79,27.05,26.13,25.24,25.5,26.42,29.41,22.15,26.77
Gujarat,Junagadh,27.54,29.53,26.46,32.59,30.04,29.44,22.82,29.7,27.16,26.77,28.57,29.16,19.41,22.55,32.58,19.47,21.15,28.76,28.2,29.17,26.44,21.36,24.04
Gujarat,Kachchh,13,27.83,32.5,31,34.67,28.88,22.7,30.5,28.56,28.38,28.94,29.76,22.67,30.51,27.87,27.28,26.63,28.56,28.22,29.15,29.21,28.08,27.7
Gujarat,Kheda,21,33,31.17,28.5,27,37,22.5,27,24.67,22.67,24.6,31,19,30.52,27.88,26.93,26.62,28.68,27.78,28.98,29.43,27.72,27.55
Gujarat,Mahesana,21.33,28.4,27,27,22,24.5,29,23.5,29.5,21,30.5,25,26,30.51,27.88,26.93,26.05,28.68,28.22,29.26,29.56,27.91,27.52
Gujarat,Mahisagar,,,,,,,,,,,,,,,27.62,26.93,26.05,28.68,28.22,29.27,29.56,27.76,27.55
Gujarat,Morbi,,,,,,,,,,,,,,,27.83,27.66,29.64,24.67,24.26,25.64,22.65,21.81,19.5
Gujarat,Narmada,,,,,,,,,,,,,22,30.51,27.8,18.97,26.05,,27.71,28.71,,28.11,28.33
Gujarat,Navsari,,,,44,34,32,24,28,26,25,19,30,34,30.51,27.88,26.93,25,24.33,27.76,28.91,27.57,26.22,25.3
Gujarat,Panch Mahals,22.5,29.33,28.25,26,26.67,32.33,21.33,32.5,27.67,28,27,30.67,22,30.52,27.88,,26.05,28.68,,,26.01,25.67,
Gujarat,Patan,,,,,,,,,,,,3,,30.5,27.89,26.93,26,28.6,28.18,29.27,29.56,27.76,27.55
Gujarat,Porbandar,,,,32.82,30.4,29.77,22.65,29.27,26.31,27.5,27.36,29.42,24.75,30.51,27.88,26.93,26.05,28.68,28.22,29.27,29.56,27.76,27.55
Gujarat,Rajkot,27,34.73,27.86,32.24,29.79,30.82,29.62,32.38,27.79,30.87,29.05,29.64,26.1,30.61,29.65,31.26,29.07,30.27,29.56,24.06,28.9,29.02,27.95
Gujarat,Sabar Kantha,12,23.33,38,28.5,19,30,,34,29,,,8,13,30.23,27.88,26.93,26.05,28.82,28.06,29.27,29.56,27.76,27.55
Gujarat,Surat,23.67,28.5,26,34.4,28,29.71,23.5,32.33,31.33,26.43,31.33,31,19,29.63,27.93,26.95,23.19,27.42,28.08,29.14,27.34,27.59,27.11
Gujarat,Surendranagar,18.6,30.67,25.75,33.5,30.88,33.25,24.43,30.33,26.8,26.13,30.71,29.54,23.58,30.57,27.88,26.93,25.93,29.93,28.22,29.28,29.56,27.76,27.22
Gujarat,Tapi,,,,,,,,,,,25.57,20,17,30.51,27.89,,,28.75,27.56,,29.23,27.8,23.29
Gujarat,Vadodara,11,28,,24,29,37,19,31.75,28.67,28,29.33,33,27,29.8,27.88,26.93,24.88,25.57,28.12,28.65,28.94,27.91,27.59
Gujarat,Valsad,17,29.5,35.5,36,24,13,12,11,,,7,4,,,27.86,,,28.68,28.22,29.27,29.53,27.74,27.56
Haryana,Ambala,13.55,7.51,27.06,27,26.99,27,16.16,15.69,1.48,19.23,19.76,,31.7,23.16,22.3,23.12,22.08,24.53,23.12,19.01,,19.15,
Haryana,Bhiwani,11.51,,,17.24,16.67,,,23.08,,,,,,23.03,23.76,23.54,23.73,22.98,23.35,37.34,,22,
Haryana,Charki Dadri,,,,,,,,,,,,,,,,,,,25.46,20,,,
Haryana,Faridabad,,11.11,,,,16.67,,,,,,,,19.14,22.8,23.54,16.97,23.32,15.59,18.17,,,
Haryana,Fatehabad,22.22,25,16.67,,,,25,,,,25,19,20,20.76,22.8,23.43,21.58,23.56,24.72,39.89,,21.25,
Haryana,Gurugram,11.98,19.01,23.06,23.03,23.02,23.53,18.42,,,50,33.33,18.75,,23.38,22.65,22.89,22.75,23.26,24.68,8.87,,,
Haryana,Hisar,,,,,,,25,,,,18.18,,,21.36,22.63,23.12,21.98,23.36,24.22,28.65,,,
Haryana,Jhajjar,22.86,,19.47,19.4,18.18,16.56,21.21,,,,,,17.24,23.53,21.87,23.86,19.85,26.2,29.68,6.4,,22.35,
Haryana,Jind,,,,,,,,,,,23.08,17.14,23.53,25.68,21.71,23.23,21.83,24.96,24.72,29.02,,23.92,
Haryana,Kaithal,13.75,12.75,24.83,24.65,24.55,,,33.33,25,27.27,,,,28.25,22.8,23.52,28.13,23.77,25.46,23.29,,28.69,
Haryana,Karnal,16.15,,,20,25,,,20,"2,150.00",,18.18,14.29,27.27,21.23,20.59,22.87,69.77,23.8,21.5,26.26,,19.75,
Haryana,Kurukshetra,,14.56,23.81,23.63,23.68,23.76,25.07,23.24,18.18,22.34,,18.13,35.29,22.12,22.8,23.7,25.45,24.9,28.45,25.38,,19.38,
Haryana,Mahendragarh,,,16.67,18.18,33.33,22.22,33.33,,,18.75,16.67,11.76,,22.31,22.36,23.37,25.14,23.64,24.82,29.09,,,
Haryana,Nuh,,,,,,16.01,21.25,18.31,18.54,20.32,20.98,,,20.99,21.33,21.98,22.71,22.8,22.55,26,,20.23,
Haryana,Palwal,,,,,,,,,,,,,,22.29,22.69,22.76,21.68,23.77,22.56,3.59,,,
Haryana,Panchkula,7.93,,,21.92,20,,18.89,19.82,20.78,28.81,23.19,18.52,23.4,22.43,21.73,21.22,21.29,20.36,31.25,32,,21.5,
Haryana,Panipat,16.67,21.05,15.52,13.79,15.56,24.53,18.75,21.05,28.57,15,18.75,17.24,29.17,22.44,22.7,22.37,29.23,24.67,24.91,27.75,,22.59,
Haryana,Rewari,15.25,19.05,14.89,15.84,18.18,16.37,15.19,17.71,17.86,19.57,17.86,11.8,22.44,17.79,22.51,23.18,24.51,23.55,24.77,19.83,,21.97,
Haryana,Rohtak,22.22,,21.43,18.75,20,,16.67,20,,15.38,,,,22.84,21.82,21.21,22.16,30.7,29.82,30,,,
Haryana,Sirsa,17.65,,,25,20,,33.33,16.67,,,,25,,22.12,21.72,23.54,20.73,23.77,25.47,31.61,,19.69,
Haryana,Sonipat,15.65,19.23,23.75,23.73,23.73,23.86,17.78,17.39,21.43,18.03,23.33,10.94,27.55,25.63,25.48,24.08,25.63,25.14,23.12,32.63,,27.73,
Haryana,Yamunanagar,16.47,13.56,23.7,24.1,23.83,23.89,16.67,26.82,20.65,16.31,21.08,17.92,28.07,21.12,24.72,25.9,14.23,20.47,24.03,25.14,,24.78,
Himachal Pradesh,Bilaspur,,,6.21,,,4.28,4.94,7.17,7.15,6.31,,7.17,7.18,7.43,7.16,5.62,,7.22,7.21,7.29,5.31,5.32,
Himachal Pradesh,Chamba,,7.13,7.13,,,2,6.52,5.59,8.13,2.63,,10.16,10.18,10.19,10.18,10.15,,7.78,7.77,7.58,5.45,5.52,
Himachal Pradesh,Hamirpur,,7.13,7.14,,,6.41,10.16,6.61,1.83,5.49,,8.61,10.23,10.18,10.21,10.22,,2.38,2.36,6.39,4.98,4.96,
Himachal Pradesh,Kangra,,12.79,7.13,,,4.56,8.13,8.44,8.31,4.3,,5.38,8.19,8.22,8.21,10.14,,10.38,11.35,9.98,4.13,4.13,
Himachal Pradesh,Kullu,,7.12,3.19,,,2.42,8.34,8.85,6.2,5.95,,7.4,8.06,8.22,7.94,10.19,,9.03,9.03,9.33,4.5,4.43,
Himachal Pradesh,Mandi,,6.47,7.13,,,5.84,10.17,10.17,2.03,5.12,,10.18,8.13,8.13,8.11,10.16,,2.85,1.77,5.75,4.64,4.62,
Himachal Pradesh,Shimla,,3.65,,,,4,10.2,10.18,4.08,5.67,,10.17,10.17,,10.18,10.18,,3.89,3.86,5.91,5.69,5.76,
Himachal Pradesh,Sirmaur,,10.29,3.78,,,2.87,7.13,6.83,2.24,7.08,,10.1,10.11,9.98,9.91,9.95,,2.17,1.76,4.77,7.4,9.81,
Himachal Pradesh,Solan,,10.29,10.29,,,6.64,8.44,8.45,6.88,6,,10.14,10.12,10.12,10.11,10.12,,5.16,5.16,7.16,5.62,5.63,
Himachal Pradesh,Una,,10.71,1.28,,,10.92,11.43,11.79,11.1,8.89,,12.67,12.45,12.73,12.7,12.81,,9.74,9.74,8.74,8.93,8.93,
Jammu & Kashmir,Anantnag,,2.13,1.9,2,,0.9,2.35,2.35,2.35,2.35,1.88,1.67,1.67,2.35,0.9,,0.5,0.78,0.5,0.5,0.5,,
Jammu & Kashmir,Baramulla,,,,,,,,,,1.1,1.1,1.1,1.1,,,,,,,,,,
Jammu & Kashmir,Budgam,2.46,2.47,2.47,2.49,,,2.49,2.19,2.49,1.9,1.99,2.17,2.18,2.49,0.82,2.49,2.48,2.33,2.49,2.49,2.49,2.49,2.49
Jammu & Kashmir,Doda,2.5,2.59,2.56,2.59,,,2.57,2.57,2.57,2.56,2.56,2.56,2.56,2.56,,,2.41,2.41,2.41,2.41,2.5,2.5,2.5
Jammu & Kashmir,Ganderbal,,,,,,,,,,,,,,,,2.36,2.36,2.36,2.36,2.36,2.36,2.36,2.36
Jammu & Kashmir,Jammu,,,1.82,1.2,,1.2,,,,,1.27,,,,,2.5,2.5,,,,,0.23,0.23
Jammu & Kashmir,Kathua,,1,1,3,,,,,,1.2,,,,,,0.5,2.5,,,2.5,0.2,,0.2
Jammu & Kashmir,Kishtwar,,,,,,,,2.55,2.55,,,,,,,,2.5,2.5,,2.5,,,
Jammu & Kashmir,Kulgam,,,,,,,,1.25,2.35,1.3,1.65,1.69,2.36,2.36,,2.08,2.36,2.36,2.36,2.36,2.36,2.36,2.36
Jammu & Kashmir,Kupwara,,,,,,,,,,,,,,,,,,0.5,,,,,
Jammu & Kashmir,Poonch,,,,,,,,,,,,,,,,,,,,0.17,0.17,,
Jammu & Kashmir,Pulwama,2.47,2.47,2.47,,,,2.35,2.08,2.35,2.14,2.15,2.35,2.35,2.35,,2.35,2.35,1.57,2.35,2.35,2.35,2.35,2.35
Jammu & Kashmir,Ramban,,,,,,,,,,,,,,,,,,,,2.5,,,
Jammu & Kashmir,Reasi,,,,,,,,,2.57,,0.96,0.95,,,,,,,,,,,
Jammu & Kashmir,Samba,,,,,,,,,,1.27,,,,,,,,,0.7,,,0.34,
Jammu & Kashmir,Shopian,,,,,,,,2.35,2.35,2.38,2.38,2.38,2.38,2.38,,,,,,,,,
Jammu & Kashmir,Srinagar,1.71,1.56,1.61,1.63,,0.8,2.36,2.25,,1,1,,,,,2.37,2.37,2.37,2.37,2.37,2.37,2.37,2.37
Jammu & Kashmir,Udhampur,,0.8,,0.86,,,,1.2,,,,,2.25,2.25,0.8,0.8,,,,,,,
Jharkhand,Bokaro,,,,,,,6.18,6.6,4.97,6.31,6.57,6.32,6.44,5.19,6.09,10.26,4.41,,,,6.57,,
Jharkhand,Chatra,,,,,,,5.51,5.7,5.06,6.31,6.43,8,5.54,5.2,6.08,16.04,4.41,,,,9.21,,
Jharkhand,Deoghar,,,,,,,4.35,,4.21,,10.26,3.67,7.29,4.86,2.5,,,,,,,,
Jharkhand,Dhanbad,,,,,,,6.65,6.63,5,6.27,6.4,6.33,6.44,362,3,7.63,4.33,,,,6.67,,
Jharkhand,Dumka,,,,,,,4.36,5.05,3.86,3.26,10.28,9.12,4.28,10.94,6.11,11.71,4.33,,,,6,,
Jharkhand,East Singhbum,,,,,,,5.72,6.31,5.07,5,5.67,,4.25,5.48,6.08,6,8,,,,6.53,,
Jharkhand,Garhwa,,,,8.17,7.71,6.72,6.95,7.38,6.67,6.3,5.57,6.49,6.21,6.21,5.84,6.29,6.83,,,,7.49,,
Jharkhand,Giridih,,,,14.27,14.72,13.25,13.64,9.64,5.08,9.63,7.98,7,7.58,5.19,7.67,8.02,4.41,,,,5.89,,
Jharkhand,Godda,,,,,,,4.36,5.06,4.89,3.25,4.94,4.31,4.92,10.93,6.1,11.77,11.38,,,,6.42,,
Jharkhand,Gumla,,,,,,,5.13,4.93,6.99,2.88,5.58,9.54,4.67,4.55,6.09,3.27,9.6,,,,6.78,,
Jharkhand,Hazaribagh,,,,7.6,7.53,5.65,5.65,5.79,4.84,5.19,5.74,5.87,6.29,5.73,5.47,10.26,4.41,,,,7.24,,
Jharkhand,Jamtara,,,,,,,4.35,5.04,4.12,3.27,12.73,13.19,13.67,12.21,11.86,16.1,15.74,,,,5.8,,
Jharkhand,Khunti,,,,,,,,,3.85,3.19,6.21,6.33,6.18,5.87,6.09,3.27,9.6,,,,5.08,,
Jharkhand,Koderma,,,,,,,6.63,6.61,5.31,4.81,6.42,4.82,9.52,3.54,6.08,5.47,4.39,,,,4.22,,
Jharkhand,Latehar,,,,,,,7.35,6.98,5.85,5.46,3.43,9.01,6.62,6.21,6.91,6.3,6.84,,,,6.4,,
Jharkhand,Lohardaga,,,,,,25.68,3.22,3.69,2.8,2.43,2.72,3.85,3.96,4.14,4.25,3.27,9.65,,,,6.29,,
Jharkhand,Pakur,,,,,,,4.37,5.04,4.15,3.26,,,,,6.1,9.51,10.69,,,,6.88,,
Jharkhand,Palamu,,,,,7.16,9.12,6.06,7.56,4.77,6.43,6.03,5.57,5.81,6.21,7.47,6.29,6.84,,,,6.06,,
Jharkhand,Ramgarh,,,,,,,,,4.77,6.32,6.43,5.72,4.28,5.19,6.09,10.27,,,,,,,
Jharkhand,Ranchi,,,,6.44,5.54,9.18,7.02,7.73,3.79,3.09,4.88,6.15,4.67,4.55,6.09,3.27,9.38,,,,6.83,,
Jharkhand,Sahebganj,,,,,,,4.26,,4.23,,10.3,,8.91,10.95,6.09,11.77,11.38,,,,7.26,,
Jharkhand,Saraikela Kharsawan,,,,,,,5.75,6.33,5.03,4.5,5.78,2.55,4.26,5.5,6.1,6.36,8,,,,6.56,,
Jharkhand,Simdega,,,,,,,5.13,5.14,8.87,2.88,4.63,6.15,4.67,4.55,6.09,3.27,10.37,,,,6.4,,
Jharkhand,West Singhbhum,,,,,,,,,,,,,4.25,5.5,6,,,,,,6.67,,
Karnataka,Bagalkote,8.78,10.29,9.19,6.53,9.37,7.27,7.13,7.15,8.04,3.36,8.26,8.1,8.83,9.17,7.64,7.04,12.83,15.71,12.99,11.17,6.96,7.54,10.46
Karnataka,Ballari,7.2,11.99,16.19,11.32,10.22,10.42,6.5,6.19,5.28,4.82,6.4,6.15,5.63,9.16,7.44,7.28,17.58,13.85,9.5,10.62,7.35,6.95,8.51
Karnataka,Belagavi,3.17,7.03,2.46,2.3,4.4,4.63,7.83,5.73,4.1,3.1,6.58,5.52,3.22,5.4,4.76,4.15,6.44,13.5,9.89,9.55,8.78,10.02,8.46
Karnataka,Bengaluru Rural,5.76,9.26,4,2.58,6.65,6.95,5.86,6.39,5.51,4.36,6.61,6.26,5.53,7.63,5.3,4.8,12.2,12.67,9.69,9.81,10.62,7.5,10.5
Karnataka,Bengaluru Urban,5.88,7.28,7.44,5.51,8.27,5.57,5.56,5.97,5.18,3.53,6.24,4.93,5.46,6.69,5.13,5,10.83,11.68,9.89,8.07,7.27,7.33,6.67
Karnataka,Bidar,5.8,12.26,11.84,9.21,8.7,9.79,6.17,12.12,4.25,13.48,6.9,13.14,6.59,9.42,9.29,5.18,12.36,12.43,8.77,13.22,11.95,11.32,15.72
Karnataka,Chamarajanagara,10.09,8.67,7.47,10.32,11.38,10.33,8.96,11.81,9.33,9.22,11.57,7.82,10.01,8.28,6.13,7.28,8.6,12.73,9.65,11.23,7.38,8.87,9.26
Karnataka,Chikkaballapura,,,,,,,,7.28,5.86,6.98,6.99,5.12,9.37,4.13,5.78,4.91,12.98,12.53,13.12,12.7,12.07,10.52,14.77
Karnataka,Chikkamagaluru,7.91,4.98,6.92,4.18,6.76,7.47,6.3,6.04,5.82,8.85,9.87,6.48,6.66,6.46,5.23,4.71,9.43,7.52,10.11,9.26,6.53,7.13,5.17
Karnataka,Chitradurga,9.01,6.11,7.14,6.29,7.66,9.62,7.26,6.69,5.81,5.78,6.1,5.65,5.51,6.73,8.22,9.06,6.15,14.43,9.57,12.49,11.7,8.38,7.99
Karnataka,Davangere,6.38,7.6,5.8,11.11,11.49,8.68,8.71,10.23,8.55,6.99,8.53,6.63,4.94,6.41,5.89,6.34,9.2,11.6,11.61,8.57,6.73,7.83,6.78
Karnataka,Dharwad,2.82,2.65,2.25,0.24,3.01,3.52,4.25,6.04,2.8,2.34,5.44,3.39,1.66,6.66,3.09,0.39,2.53,3.03,3.21,4.04,2.16,5.98,4.73
Karnataka,Gadag,5.59,3.76,2.04,2.07,6.25,4.62,5.28,4.66,5.31,3.29,5.66,3.52,3.26,4.98,3.81,3.22,6.42,8.91,3.77,6.2,3.12,6.68,4.29
Karnataka,Hassan,5.46,6.79,5.49,2.89,5.83,5.57,5.57,5.96,5.19,3.53,6.24,5.1,5.3,6.82,6.07,4.96,10.85,12.49,10.75,10.7,8.6,7.55,7.51
Karnataka,Haveri,2.55,3.11,1.35,3.11,5.16,5.54,2.73,3.8,5.81,3.3,5.52,5.87,1.56,8.98,1.97,4.03,3.66,8.32,3.53,1.92,3.78,5.98,3.7
Karnataka,Kalaburagi,5.65,7.44,8.11,13.12,8.78,12.18,8.36,9.71,7.4,5.66,9.44,14.25,7.48,8.79,12.41,4.74,11.5,12.9,10.33,11.95,11.61,9.51,12.57
Karnataka,Kolar,7.3,10.2,5.69,4.9,11.86,8.91,6.3,5.51,5.42,5.22,8.12,5.71,5.62,7.1,5.42,4.66,10.4,12.04,9.95,11.92,10.46,10.28,14.94
Karnataka,Koppal,6.1,8.72,7.09,7.29,8.06,9.3,6.33,7.08,5.15,4.97,6.2,4.05,6.3,9.12,10.31,5.24,6.72,11.5,5.88,7.12,7.15,7.47,5.74
Karnataka,Mandya,6.16,7.85,7.81,8.65,7.82,8.22,6.21,7.32,5.88,5.52,7.52,6.39,5.62,7.08,5.49,4.46,7.5,12.04,12.77,11.39,9.5,8.1,18.31
Karnataka,Mysuru,5.33,4.2,3.4,2.6,5.8,5.55,5.6,6,5.14,3.5,6.27,4.94,5.31,7.25,6.6,5.5,14.8,12.67,10,10.44,12.45,10.01,11.99
Karnataka,Raichur,5.72,6.93,6.41,3.35,8.72,14.84,10.78,8.88,10.32,6.79,11.2,9.07,8.4,7.74,6.12,5.83,7.39,12.01,9.85,11.44,8.5,7.31,11.48
Karnataka,Ramanagara,,,,,,,,6,5.17,3.55,6.2,4.93,5.3,6.6,5.14,4.38,7.19,11.05,8,10.58,8.86,8.1,9.83
Karnataka,Shivamogga,5.1,4.3,3.38,3.58,6.3,5.59,5.58,5.95,5.41,4,,,,,,4.5,10.75,13,,12,13.5,9.5,
Karnataka,Tumakuru,5.28,5.34,6.91,4.38,6.59,7.52,5.68,6.25,7.87,7.19,6.87,6.41,9.02,7.62,4.61,5.49,6.38,12.9,8.41,11.75,10.39,9.04,8.21
Karnataka,Udupi,5.86,14.33,13.2,10.5,9,10.5,6,,,,,,,,,,,,,,,10.5,
Karnataka,Uttara Kannada,5.88,14.41,13.27,10.44,9.05,10.36,6.18,8.42,6.68,5.93,6.85,7.96,6.54,7.03,6.62,5.65,14.32,14.18,13.26,13.95,12.48,10.68,13
Karnataka,Vijayanagar,,,,,,,,,,,,,,,,,,,,,,,7.11
Karnataka,Vijayapura,5.63,12.27,11.24,5.92,9.59,8.23,5.74,6.26,4.32,2.74,5.1,4.31,4.66,6.58,4.8,2.51,15.45,13.13,11.54,11.92,11.09,10.25,13.83
Karnataka,Yadgir,,,,,,,,,,,6.67,6.16,5.92,6.93,5.8,4.93,8.91,14.36,8.26,12.15,10.44,7.54,10.83
Ladakh,Kargil,,,,,,,,,,,,0.95,0.95,,,,,,,,,,
Ladakh,Leh Ladakh,0.63,0.63,0.63,0.67,,,0.66,0.66,0.66,,2.9,,,,,,,,0.9,,,,
Madhya Pradesh,Agar Malwa,,,,,,,,,,,,,,12.86,,31.18,30,30.5,30.5,30.5,,,
Madhya Pradesh,Alirajpur,,,,,,,,,9.9,10.59,12.48,12.43,13.73,8.23,,25,25,25.09,25.1,25.12,,,
Madhya Pradesh,Anuppur,,,,9.07,12.55,10.59,6.42,9.11,9.03,8.87,9.99,9.13,12.41,10.46,,16,20.7,21.8,23,23.48,,,
Madhya Pradesh,Ashoknagar,,,,11.31,13.57,14.55,14.44,10.7,13.02,12.57,20.75,18.07,17.95,19.26,,22,22,22,22.01,22.01,,,
Madhya Pradesh,Balaghat,21.77,21.79,20.93,19.59,22.81,22.67,22.81,19.73,20.03,20.75,24.03,27.5,27.31,25.12,,14.91,23,21.58,21.63,21.63,,,
Madhya Pradesh,Barwani,7.96,8.41,8.79,7.3,8.5,6.6,7.77,7.26,5.94,7.52,5.91,8.5,10.49,12.53,,24.42,25,25,25,25,,,
Madhya Pradesh,Betul,19.03,19.05,18.3,16.87,19.65,19.3,19.42,15.81,15.29,16.37,18.42,21.17,29.31,26.86,,16.8,24.75,25,25,25,,,
Madhya Pradesh,Bhind,9.81,9.82,9.43,7.8,10.27,8.99,8.77,5.68,5.76,7.97,6.98,5.33,8.95,7.07,,18.48,20.01,20.01,19.86,19.86,,,
Madhya Pradesh,Bhopal,11.84,10.04,9.65,10.83,13.46,11.79,12.97,9.62,10.73,11.8,5.27,22.64,31.27,14.68,,25.14,25.23,26.47,26.45,26.31,,,
Madhya Pradesh,Burhanpur,,,,32.47,34.8,34.85,30.68,30.33,30.79,31.9,30.81,42.25,54.48,43.99,,20,20,20,20,20,,,
Madhya Pradesh,Chhatarpur,9.16,9.49,9.12,8.53,9.94,8.02,6.83,6.03,5.88,6.09,5.43,5.69,6.78,5.71,,30.7,32.06,0.03,0.45,7.55,,,
Madhya Pradesh,Chhindwara,24.89,21.6,19.95,22.4,26.09,24.33,24.47,22.08,22.41,23.22,28.3,31.45,30.03,27.02,,25,25,25,25,25,,,
Madhya Pradesh,Damoh,14.79,21.24,20.4,19.96,23.24,20.29,17.31,17.15,20.78,22.34,12.68,27.09,26.9,21.37,,19.9,20,20,20,20,,,
Madhya Pradesh,Datia,10.24,10.7,6.38,9.02,9.64,9.18,8.06,10.17,6.64,6.89,6.63,9.21,11.95,7.56,,25,25,25,25,25,,,
Madhya Pradesh,Dewas,9.63,12.15,11.48,12.31,12.11,10.72,12.3,10.06,11.1,11.5,14.43,14.45,15.31,17.15,,30.15,38.23,30.6,30.61,30.61,,,
Madhya Pradesh,Dhar,10.53,9.74,9.35,9.48,11.21,10.02,12.4,10.73,9.53,10.16,11.98,13.16,13.61,11.57,,25,25.3,25.3,25.68,25.73,,,
Madhya Pradesh,Dindori,17.45,17.48,14.42,15.46,15.96,14.28,12.54,10.67,10.41,12.67,13.71,12.38,12.97,17.42,,19,19,19.8,19.5,19.5,,,
Madhya Pradesh,East Nimar,19.09,21.18,24.73,18.67,24.78,26.14,30.68,30.33,30.78,31.9,29.11,31.1,30.88,40.31,,24,25,25,20.25,20.25,,,
Madhya Pradesh,Guna,14.19,14.4,8.95,12.58,14.66,14.34,14.42,10.7,13.04,12.56,13.68,19.14,17.88,16.32,,15,24.36,24.36,24.35,25,,,
Madhya Pradesh,Gwalior,16.66,17.82,16.03,10.6,16.06,14.71,11.5,9.28,9.42,13.1,10.89,12.44,13.93,11.03,,21,20,21,21,21,,,
Madhya Pradesh,Harda,17.98,14.76,13.41,12.79,14.61,22.83,22.96,18.48,15,15.3,21.14,26.51,25.34,17.31,,22,22.24,22.25,22.25,22.25,,,
Madhya Pradesh,Indore,14.21,12.19,11.71,12.79,12.77,12.21,16.37,11.68,12.58,13.03,14.94,15.96,15.85,13.57,,29.87,31,32,32,32,,,
Madhya Pradesh,Jabalpur,25.02,25.35,24.96,26.5,30.86,32.79,35.1,24.59,22.8,23.95,31.56,38.06,39.7,30.87,,20,20.36,22,22,22,,,
Madhya Pradesh,Jhabua,5.26,9.28,10.5,9.65,11.44,11.03,11.63,10.06,9.9,10.58,11.02,13.25,14.25,15.17,,30,30,33.92,35,35,,,
Madhya Pradesh,Katni,16.78,18.39,24.97,15.39,19.58,15.79,27.39,10.19,12.75,13.96,12.45,17.18,19.26,26.38,,18.19,25.8,25.8,25.8,25.81,,,
Madhya Pradesh,Khargone,7.96,8.56,8.79,7.3,8.19,7.1,8.36,7.82,6.16,6.38,7.88,7.43,10.45,3.92,,24,25,25,25,25,,,
Madhya Pradesh,Mandla,14.7,14.7,14.13,15.22,17.73,14.17,13.08,11.32,12.31,11.69,14.19,12.77,13.33,18.29,,22.73,22.6,22.66,22.84,22.94,,,
Madhya Pradesh,Mandsaur,9.69,9.86,7.58,9.16,10.5,9.88,11.79,9.91,8.87,9.96,11.26,19.18,21.12,19.42,,20,20.39,20,20,20,,,
Madhya Pradesh,Morena,8.62,8.31,5.98,7.05,9.21,8.18,7.95,5.16,5.24,7.24,6.35,4.84,7.56,7.49,,20.25,20.5,20.61,20.64,20.69,,,
Madhya Pradesh,Narmadapuram,16.63,16.92,13.41,12.79,17.43,14.52,19.93,12.83,13.03,13.28,16.44,18.08,19.72,16.18,,26,25.5,25.47,23.89,23.89,,,
Madhya Pradesh,Narsinghpur,20.27,20.29,18.69,17.99,20.95,21.7,21.83,18.89,18.9,19.49,23.18,26.52,21.48,26.99,,17.28,19.64,19.87,19.37,19.51,,,
Madhya Pradesh,Neemuch,12.15,12.33,11.21,10.64,13.25,11.12,13.26,11.14,9.98,11.21,10.11,14.33,23.78,12.15,,20.02,20.13,20,20,20,,,
Madhya Pradesh,Panna,8,8.17,7.84,8.64,7.55,8.38,8.43,7.29,7.4,7.67,6.35,6.78,9.83,23.24,,17.51,17.51,17.51,17.51,17.51,,,
Madhya Pradesh,Raisen,12.06,12.07,11.6,11.84,13.79,13.33,15.64,11.6,11.78,14.23,14.23,20.74,16.01,16.03,,24.26,26.17,24.71,24.6,24.5,,,
Madhya Pradesh,Rajgarh,10.29,8.5,8.32,10.72,13,11.56,12.12,10.49,10.93,11.78,13.82,15.75,19.54,13.61,,15.49,20.2,20.2,20.2,20.2,,,
Madhya Pradesh,Ratlam,26.88,26.9,29.53,28.67,32.18,24.95,29.78,25.4,29.88,30.97,31.5,48.78,48.43,25.3,,16.55,19.74,19.96,25,25,,,
Madhya Pradesh,Rewa,8.3,8.17,6.93,6.49,8.55,12.07,11.92,10.5,9.52,11.83,10.85,13.53,16.88,15.17,,25.93,26,26,26,26,,,
Madhya Pradesh,Sagar,18.28,15.25,14.65,16.72,19.16,14.42,14.51,12.55,11.35,13.2,9.62,18.28,13.61,17.85,,29,25,20,20,20,,,
Madhya Pradesh,Satna,7.04,6.91,7.56,7.2,8.24,6.94,5.93,4.43,5.62,6.77,6.15,7.19,8.16,7.97,,25.21,24.5,24.6,24.63,24.55,,,
Madhya Pradesh,Sehore,12.06,12.07,11.59,10.84,12.63,12.11,14.22,10.54,10.7,15.34,15.29,19.6,23.35,15.97,,25.32,24.08,24.1,24.1,24.08,,,
Madhya Pradesh,Seoni,24.96,24.98,23.99,23.09,26.15,23.34,23.48,20.31,20.62,21.37,24.74,26.43,26.24,31.68,,27.54,27.6,26.93,26.77,26.75,,,
Madhya Pradesh,Shahdol,8.75,8.76,8.42,7.89,7.65,6.39,6.42,5.55,5.64,6.31,5.89,6.3,6.25,9.39,,29.01,28.76,26.1,28.15,28.2,,,
Madhya Pradesh,Shajapur,10.53,12.02,10.13,12.32,13.91,12.47,13.72,11.87,10.33,12.49,14.34,14.75,14.64,12.86,,18,23,23.23,23.25,25,,,
Madhya Pradesh,Sheopur,8.12,8.31,6.5,7.06,9.17,8.68,8.45,7.36,5.56,7.67,7.58,8.5,8.42,7.16,,20,21.94,21.94,21.93,21.93,,,
Madhya Pradesh,Shivpuri,11.8,12.32,10.34,11.24,12.72,12.37,13.34,9.23,10.15,10.84,11.23,12.58,12.68,10.18,,22,28,28,28.01,21.82,,,
Madhya Pradesh,Sidhi,6.93,6.53,7.84,6.36,7.26,5.8,5.84,5.05,5.02,5.41,4.57,5.16,5.87,6.46,,25,25,25,25.1,25.1,,,
Madhya Pradesh,Singrauli,,,,,,,,,5.02,7.29,59.82,58.59,74.04,56.86,,21,21.1,21.5,22,24,,,
Madhya Pradesh,Tikamgarh,9.32,8.75,8.4,7.2,7.63,6.66,6.7,5.8,7.06,7.32,5.43,6.27,9.22,4.51,,20,20,20,20,20,,,
Madhya Pradesh,Ujjain,10.21,8.59,8.44,13.05,15.2,18.68,19.32,15.8,15.33,16.61,16.94,20.77,23.56,22.62,,21.1,21.12,22.4,22.66,22.73,,,
Madhya Pradesh,Umaria,7.43,8.76,8.45,7.89,9.8,7.6,6.87,6.28,6.25,6.36,6.49,6.7,6.89,9.97,,19,28.51,16.98,16.96,16.9,,,
Madhya Pradesh,Vidisha,9.96,10.61,10.04,8.96,11.11,10.75,10.81,8.81,8.13,8.85,10.75,13.12,26.05,8.88,,23,21,21.01,21.23,22.18,,,
Maharashtra,Ahmednagar,,,,9.89,,,,,,,,,,,,,,,,,,,
Maharashtra,Akola,,,,23.84,,,,,,,,,,,,,,,,,,,
Maharashtra,Amravati,,,,18.24,,,,,,,,,,,,,,,,,,,
Maharashtra,Aurangabad,,,,5.98,,,,,,,,,,,,,,,,,,,
Maharashtra,Beed,,,,4.76,,,,,,,,,,,,,,,,,,,
Maharashtra,Bhandara,,,,12.47,,,,,,,,,,,,,,,,,,,
Maharashtra,Buldhana,,,,21.61,,,,,,,,,,,,,,,,,,,
Maharashtra,Chandrapur,,,,12.47,,,,,,,,,,,,,,,,,,,
Maharashtra,Dhule,,,,14.22,,,,,,,,,,,,,,,,,,,
Maharashtra,Gadchiroli,,,,12.47,,,,,,,,,,,,,,,,,,,
Maharashtra,Gondia,,,,12.48,,,,,,,,,,,,,,,,,,,
Maharashtra,Jalgaon,,,,11.74,,,,,,,,,,,,,,,,,,,
Maharashtra,Jalna,,,,5.52,,,,,,,,,,,,,,,,,,,
Maharashtra,Kolhapur,,,,9.92,,,,,,,,,,,,,,,,,,,
Maharashtra,Nagpur,,,,12.47,,,,,,,,,,,,,,,,,,,
Maharashtra,Nandurbar,,,,13.39,,,,,,,,,,,,,,,,,,,
Maharashtra,Nashik,,,,13.1,,,,,,,,,,,,,,,,,,,
Maharashtra,Osmanabad,,,,5.39,,,,,,,,,,,,,,,,,,,
Maharashtra,Parbhani,,,,9.17,,,,,,,,,,,,,,,,,,,
Maharashtra,Pune,,,,14.42,,,,,,,,,,,,,,,,,,,
Maharashtra,Sangli,,,,9.92,,,,,,,,,,,,,,,,,,,
Maharashtra,Satara,,,,9.13,,,,,,,,,,,,,,,,,,,
Maharashtra,Solapur,,,,5.37,,,,,,,,,,,,,,,,,,,
Maharashtra,Wardha,,,,12.47,,,,,,,,,,,,,,,,,,,
Maharashtra,Washim,,,,21.61,,,,,,,,,,,,,,,,,,,
Maharashtra,Yavatmal,,,,21.61,,,,,,,,,,,,,,,,,,,
Manipur,Bishnupur,2.11,2.1,2,2.13,2.1,2.2,2.17,2.17,,,,,,,,,,,,,,,
Manipur,Imphal East,2.17,2.25,2,2,2.14,,,2.2,,,,,,,,,,,,,,,
Manipur,Imphal West,2,2.25,2.14,2,2.09,2.11,2,2,,,,,,,,,,,,,,,
Manipur,Senapati,2.11,2.09,2.13,2.15,2,2.12,2.13,2.12,,,,,,,,,,,,,,,
Manipur,Thoubal,2.11,2.11,2.2,2.13,2.14,2.13,2.13,2.17,,,,,,,,,,,,,,,
Manipur,Ukhrul,,,2,2,,,,2,,,,,,,,,,,,,,,
Meghalaya,East Garo Hills,,,,,,,,,,,,,,,7.9,7.95,8.14,8.14,8.14,8.14,8.14,,8.14
Meghalaya,East Khasi Hills,,,,,,,,,,,,,,,10.37,10.59,10.64,10.64,10.64,10.64,10.64,,10.64
Meghalaya,North Garo Hills,,,,,,,,,,,,,,,8.12,8.36,8.45,8.45,8.45,8.45,8.45,,8.47
Meghalaya,Ri Bhoi,,,,,,,,,,,,,,,9.48,11.47,11.47,11.47,11.47,11.48,11.48,,11.49
Meghalaya,South Garo Hills,,,,,,,,,,,,,,,8.95,9.17,9.24,9.24,9.24,9.25,9.25,,9.26
Meghalaya,South West Garo Hills,,,,,,,,,,,,,,,8.11,8.26,8.31,8.31,8.31,8.31,8.31,,8.31
Meghalaya,South West Khasi Hills,,,,,,,,,,,,,,,7.89,7.9,8,8,8,8,8,,8
Meghalaya,West Garo Hills,,,,,,,,,,,,,,,8.96,9.12,9.3,9.3,9.31,9.31,9.32,,9.33
Meghalaya,West Jaintia Hills,,,,,,,,,,,,,,,2.69,2.81,2.91,2.91,2.91,2.91,2.91,,2.91
Meghalaya,West Khasi Hills,,,,,,,,,,,,,,,7.59,7.68,7.81,7.81,7.82,7.82,7.82,,7.82
Mizoram,Aizawl,,,,,,,,,,,3,4,,,,,,0.44,,,,,
Mizoram,Champhai,,,,,,,,,,,,,,,,,,0.43,1.67,2.43,,,
Mizoram,Kolasib,,,,,,,,,,,,,,,,14.6,,0.63,8,3.5,,3.5,3.5
Mizoram,Lawngtlai,,,,,,,,,,,,,,,,,3.63,1.03,1,0.78,,,4.33
Mizoram,Lunglei,,,,,,,,,,,,,,,,,,20.91,6.5,8.33,,,
Mizoram,Saitual,,,,,,,,,,,,,,,,,,,,,2,,
Mizoram,Serchhip,,,,,,,,,,,,,,,,,,20,,,,,
Odisha,Anugul,10.71,10.7,10.7,10.71,10.7,,,,,,,,,,,,,,,13.32,,,
Odisha,Balangir,11.01,7.6,9.5,9.52,9.5,,,,,,,,,,,,,,,14.26,,,
Odisha,Baleshwar,9.49,9.47,9.48,9.23,9.26,,,,,,,,,,,,,,,11.23,,,
Odisha,Bargarh,4.05,8.32,8.33,8.3,8.33,,,,,,,,,,,,,,,14.65,,,
Odisha,Bhadrak,7,8.84,8.83,8.97,12.41,,,,,,,,,,,,,,,10.66,,,
Odisha,Boudh,10.81,10.7,10.69,10.75,10.7,,,,,,,,,,,,,,,11,,,
Odisha,Cuttack,8,8,8,8,8,,,,,,,,,,,,,,,13.55,,,
Odisha,Deogarh,6.19,10.7,10.71,10.61,10.7,,,,,,,,,,,,,,,11.22,,,
Odisha,Dhenkanal,8.5,7.6,7.58,7.59,7.59,,,,,,,,,,,,,,,13.67,,,
Odisha,Gajapati,6.46,10.29,10.32,10.35,10.3,,,,,,,,,,,,,,,10.27,,,
Odisha,Ganjam,6.51,7.59,7.59,7.54,7.56,,,,,,,,,,,,,,,11.61,,,
Odisha,Jagatsinghapur,6.2,10.67,9.5,9.49,9.5,,,,,,,,,,,,,,,12.28,,,
Odisha,Jajapur,5.29,6.5,6.5,6.49,6.5,,,,,,,,,,,,,,,,,,
Odisha,Jharsuguda,5.31,7.58,7.58,7.7,7.59,,,,,,,,,,,,,,,11.4,,,
Odisha,Kalahandi,9.4,10.7,10.7,10.7,10.7,,,,,,,,,,,,,,,12.14,,,
Odisha,Kandhamal,3.78,6.5,6.5,6.58,6.5,,,,,,,,,,,,,,,13.74,,,
Odisha,Kendrapara,8.8,8.8,8.8,8.81,8.8,,,,,,,,,,,,,,,12.3,,,
Odisha,Kendujhar,9.71,11.26,9.7,9.7,9.7,,,,,,,,,,,,,,,14.41,,,
Odisha,Khordha,4.61,6.5,6.54,6.55,6.52,,,,,,,,,,,,,,,13.66,,,
Odisha,Koraput,9.48,9.7,9.71,9.66,9.7,,,,,,,,,,,,,,,13.16,,,
Odisha,Malkangiri,9.47,9,9,8.8,9,,,,,,,,,,,,,,,12.23,,,
Odisha,Mayurbhanj,7.8,7.8,7.8,7.77,7.8,,,,,,,,,,,,,,,11.97,,,
Odisha,Nabarangpur,8.56,9.47,18.12,18.15,18.11,,,,,,,,,,,,,,,11.41,,,
Odisha,Nayagarh,5,6.5,6.53,6.51,6.53,,,,,,,,,,,,,,,11.43,,,
Odisha,Nuapada,8.35,8.35,8.35,8.38,8.35,,,,,,,,,,,,,,,11.24,,,
Odisha,Puri,3.76,10.71,6.5,6.45,6.52,,,,,,,,,,,,,,,11.35,,,
Odisha,Rayagada,3.72,5.61,6.04,6.11,6.05,,,,,,,,,,,,,,,10.23,,,
Odisha,Sambalpur,7.59,7.58,7.59,7.59,7.59,,,,,,,,,,,,,,,10.46,,,
Odisha,Sonepur,8.51,10.8,10.8,10.77,10.8,,,,,,,,,,,,,,,12.62,,,
Odisha,Sundargarh,7.5,7.59,7.59,7.59,7.59,,,,,,,,,,,,,,,12.74,,,
Puducherry,Pondicherry,15.54,15.69,15,16.5,3.33,3.22,4.67,8.33,,,7,7,18,18,9.5,6,5,5,4.5,5,5,4.5,4.5
Puducherry,Yanam,,,,1,1,,,,,,,,,,,,,,,,,,
Rajasthan,Ajmer,1.67,1.88,1.35,2.88,2.55,3.16,1.9,4.35,2.51,1.51,4.69,2.46,2.83,2.02,2.52,2.27,2.82,3.17,1.9,3.51,3.04,6.54,5.81
Rajasthan,Alwar,6.11,9.25,2.46,7.74,7.46,8.48,5.87,3.98,8.1,9.31,5.78,5.75,6.23,5.04,7.21,8.39,8.69,6.64,0.32,7.46,5.57,4.89,5.07
Rajasthan,Banswara,0.93,0.95,0.94,0.94,0.94,0.94,0.94,0.94,0.94,0.94,0.94,20,20,19.39,20,20,20,20,10.38,3.09,1.41,9,9.43
Rajasthan,Baran,5.13,4.14,5.43,4,3.52,2.43,3.77,2.03,3.44,5.41,5.99,5.11,4.38,4.07,3.75,4.5,6.8,7.5,5.58,12.71,12.03,4.96,5.96
Rajasthan,Barmer,1.61,0.91,0.93,1.52,1.64,1.83,2,1,1.1,0.03,1.02,0.95,0.89,0.9,0.9,1.39,1.13,1,0.9,1.44,0.8,0.98,1.25
Rajasthan,Bharatpur,3.43,3.3,1.53,5.43,4.56,8.66,5.24,4.33,6.22,4,3.54,2.11,7.28,9.8,6.86,5.58,6.53,7.95,7.21,5.27,4.07,8.04,6.26
Rajasthan,Bhilwara,2.76,3.91,4.4,3.24,2.35,,2.4,4.21,1.5,2.17,2.92,1.87,1.8,2.08,1.87,2.79,3.17,3.67,4.38,2.57,2.21,3.06,2.45
Rajasthan,Bikaner,0.23,0.51,0.54,0.52,0.89,1,1,1,,,,0.86,1,1,0.74,1,1,1.21,1.2,1.06,19.93,19.92,30
Rajasthan,Bundi,1.69,2,1.77,1.17,1.29,6.49,,2.78,,,,5.57,,10.8,3.03,3.57,16.71,18.7,22.92,5.78,14,4.64,4.75
Rajasthan,Chittorgarh,8.87,3.75,2.54,3.57,5.15,5.08,7.91,8.99,8.77,5,8.87,7.53,7.45,6.46,7.19,8.08,9.36,1.28,13.38,11.1,11.42,13.3,12
Rajasthan,Churu,2.31,1.81,1.3,1,3.7,1.14,0.71,1,1.65,0.05,1.5,1.83,1.63,6.46,4.78,1.12,16.76,19.89,13.24,22.75,21.73,48.84,39.3
Rajasthan,Dausa,3.51,1.24,2,1.06,1.3,1.55,1.46,1,1.91,0.08,1.26,1.85,1.97,2.19,1.81,1.36,1.13,2.48,2.72,3,3.18,4.47,3.88
Rajasthan,Dholpur,3.3,2.67,5,0.78,1.2,3,2,4.29,,,1,5,6,6,,3,,,,11.67,12.5,10,10
Rajasthan,Dungarpur,3.72,5,5,5,5,5,5,5,5,5,5,5,5,5,5,5,5,5,5,5,5,5,5
Rajasthan,Ganganagar,20,2,20,9.38,9.38,2.38,12,12,20,50.67,20.95,,2.91,2.19,32,2,32.84,14.51,29.18,28.91,7.26,3.23,4.07
Rajasthan,Hanumangarh,4,4,0.16,0.43,0.04,,0.53,0.54,16,,0.89,14.92,15,15,15,15,13.06,15,20,20,14.43,18.53,19.05
Rajasthan,Jaipur,7.53,7.68,5.12,4.57,5.58,5.26,5.44,5.12,4.99,4,3.61,2.39,2.39,2.55,2.38,3.54,2.35,1.89,1.69,2.62,2.11,1.94,1.78
Rajasthan,Jaisalmer,0.8,0.5,,10,8.24,0.94,0.45,0.44,6.05,,0.45,0.72,0.54,1,1,1,0.16,1,0.87,1,1,1.17,1
Rajasthan,Jalore,2.19,2.63,4,3,3.2,2.89,2.76,2.76,2.9,1.2,2.74,2.23,2.07,2.58,2.87,2.79,3.03,2.37,3.43,4.44,2.75,4.74,4.69
Rajasthan,Jhalawar,9.78,3.31,2.02,4.64,4.56,4.8,6.98,6.06,4.03,4.56,8.24,6.89,6.89,3.83,4.59,7.32,6.04,6.17,2.83,2.61,11.82,4.45,3.93
Rajasthan,Jhunjhunu,19.6,19.65,19.81,18.64,1.71,15.84,16.86,20,16.56,11.32,20,8.1,11.87,19.83,8.47,7.3,7.88,8.48,6.62,6.81,6.64,19.77,8.03
Rajasthan,Jodhpur,7.52,9.45,9.36,11.56,11.48,11.77,12.7,12,8.45,8.49,9.47,9.22,9.74,10.98,24.21,24.05,24.96,23.35,0.17,24.89,24.84,24.32,23.9
Rajasthan,Karauli,2.77,4.18,6.48,6.09,2.76,2.74,1.79,4,,,2.6,3.6,2.96,3.11,2.61,3.09,2.82,3.18,3.59,3.6,3.23,3.53,3
Rajasthan,Kota,5.92,7.85,19.21,11.96,13.11,8.8,12.96,7.75,15.83,10.94,9.16,12.4,14,11.14,11.91,7.36,7.86,6.5,4.95,9.02,1.28,3.85,3.61
Rajasthan,Nagaur,2.51,2.79,3.12,3.28,6.43,10.68,9.61,9.88,7.24,7.3,7.67,7.7,7.7,13.53,20.71,15.57,19.8,19.53,20.85,17.8,18.39,6.9,8.92
Rajasthan,Pali,2.57,2,1.01,1.28,0.75,0.9,1.79,1.79,1.2,3.45,2.35,1.74,1.53,3.23,1.62,4.1,2.6,3.47,2.8,4.76,1.47,2.75,1.65
Rajasthan,Pratapgarh,,,,,,,,,21.41,14.69,13.77,13.21,7.16,7.13,8.5,5.89,5.54,6.34,7.31,6.73,7.43,7.4,7.48
Rajasthan,Rajsamand,1.1,4,2.38,0.92,2.56,2.53,3.36,3.1,2.6,2.86,3,0.3,,2.83,2,3,3,3,3,2,3,3,3
Rajasthan,Sawai Madhopur,2.64,2.72,4.34,4.74,3.66,2.98,4,4,3.93,3.28,3.87,3.86,4,3.83,3.71,3.89,4,4,1.46,2.81,5.91,17.18,16.35
Rajasthan,Sikar,7.8,7.35,6.57,7.01,7.63,7.69,9.99,9.97,15.9,3.02,17.66,16.95,23.18,26.98,21.68,28.94,25.76,18.76,20.89,28.13,27.01,24.62,10.3
Rajasthan,Sirohi,1.5,1.5,1.5,1.63,1.46,1.51,1.52,1.52,1.51,1.51,15,19.9,20,20,9.69,19.92,19.64,,19.75,19.61,17.48,19.93,19.86
Rajasthan,Tonk,7.42,7.07,7.75,7.96,7.87,4.03,3.96,3.95,4.13,2.94,4.76,4.6,5.74,4.88,2.26,5.71,5,5.53,5.79,5.51,4.83,4.71,4.64
Rajasthan,Udaipur,1.52,2.05,3.85,1.84,1.21,1.15,1.63,1.31,4.59,14.33,2.4,1.9,,2.6,2.89,0.86,0.74,2.84,1.26,2.45,2.11,1.48,1.89
Tamil Nadu,Ariyalur,,,,,,,,,,9.74,,12.65,,11.12,8.5,8.72,9.2,9.53,8.32,9.11,9.22,8.52,9.18
Tamil Nadu,Chengalpattu,,,,,,,,,,,,,,,,,,,,,5,9.33,7.5
Tamil Nadu,Coimbatore,13.22,,13.32,14.15,11.27,11.62,11.68,11.73,37.48,14.61,,11.94,,16.15,11.03,10.61,14.89,12.64,11.61,15.42,14.51,12.46,11.94
Tamil Nadu,Cuddalore,8.09,,8.45,9.01,9.68,8.01,8.73,9.64,9.45,9.75,,9.47,,10.71,8.56,8.57,8.45,9.46,8.18,8.95,8.78,8.92,9.28
Tamil Nadu,Dharmapuri,8.08,,8.46,9.01,9.67,8.01,8.73,9.63,9.46,9.75,,11.85,,11.13,8.53,9.37,9.66,11.36,8.34,8.99,11.36,8.3,7.92
Tamil Nadu,Dindigul,7.08,,7.98,7.84,10.81,10.02,8.1,7.19,9.23,8.78,,8.49,,6.65,8.33,10.45,5.37,9.91,5.61,4.33,7.26,8.89,10.06
Tamil Nadu,Erode,11.77,,12.62,7.19,13.54,10.27,7.6,9.19,19.97,15.87,,10.2,,11.09,7.86,7.96,5.31,11.8,9.43,9.28,7.11,8.44,7.99
Tamil Nadu,Kallakurichi,,,,,,,,,,,,,,,,,,,,,7.58,6.42,6.94
Tamil Nadu,Kanchipuram,,,,9,9.67,,,,,,,9,,,8.67,6.5,10.8,9.5,6.08,6,,,
Tamil Nadu,Kanniyakumari,,,,,9.5,,,,,,,,,,,,,,,,,,
Tamil Nadu,Karur,7.76,,8.46,9.01,9.68,8.02,8.72,9.63,9.55,9.75,,12.44,,10.86,8.51,8.7,9.83,12.4,6.59,7.7,6.58,7.34,8.54
Tamil Nadu,Krishnagiri,,,,9,9.68,8.01,8.73,9.64,9.45,9.75,,12.31,,10.48,8.56,9.52,8.2,9.33,7.44,8.32,7.9,8.38,8.94
Tamil Nadu,Madurai,6.32,,5.98,6.48,9.29,6.1,10.51,12.55,9.45,7.69,,10.87,,8.84,8.58,5.51,8.75,8.66,7.49,7.68,8.82,7.46,8.51
Tamil Nadu,Nagapattinam,,,8.47,9,9.63,8,,,,,,,,11.6,,6.4,4.6,9.2,,,,,
Tamil Nadu,Namakkal,7.23,,8.46,11.2,10.05,11.77,10.44,11.45,10.94,12.8,,11.83,,11.7,8.58,9.77,7.91,13.69,7.01,6.97,9.85,9.11,10.13
Tamil Nadu,Perambalur,8,,5.75,8.83,10.89,6.08,8.04,9.26,7.66,9.05,,7.54,,9.39,7.57,4.85,6.9,9.21,6.33,6.76,5.77,6.73,9.86
Tamil Nadu,Pudukkottai,8.07,,8.44,9,9.67,,,,,,,13,,11.22,8.48,8.88,8.25,9.3,6.73,7.92,7.3,7.71,8.32
Tamil Nadu,Ramanathapuram,8.09,,8.45,9,9.67,8.01,8.73,9.64,9.45,9.75,,9.28,,8.47,8.61,6.48,5.05,9.3,5.69,7.05,5.55,6.05,7.65
Tamil Nadu,Ranipet,,,,,,,,,,,,,,,,,,,,,5.33,6.44,7.5
Tamil Nadu,Salem,8.59,,7.89,6.82,7.5,8.01,8.73,9.64,9.45,9.75,,10.99,,11.44,6.93,9.98,7.97,10.57,7.93,7.79,10.09,5.69,8.65
Tamil Nadu,Sivaganga,,,8.43,9,9.69,8,8.77,9.67,8.94,9.78,,10.78,,9.83,8.58,6.88,6.59,9.37,6.16,7.61,6.56,7.23,8.13
Tamil Nadu,Tenkasi,,,,,,,,,,,,,,,,,,,,,9.58,14.53,16.86
Tamil Nadu,Thanjavur,8.09,,8.45,9,9.67,8,8.67,9.63,9.5,9.74,,10.68,,10.87,8.53,9.39,9.82,9.5,7.35,8.13,9.5,9,9.29
Tamil Nadu,The Nilgiris,,,,,10,,,,9.43,10,,,,,8,,,,,,7,10,10
Tamil Nadu,Theni,7.05,,8.46,9.01,9.68,8.01,8.73,9.63,9.48,8.27,,11.99,,10.32,10.43,11.49,13.53,12.03,8.65,7.77,5.98,7.22,8.93
Tamil Nadu,Thiruvallur,,,8.5,,,,,10,,,,,,9.6,8.5,6,6.5,,6.11,7.83,7.8,8.4,8
Tamil Nadu,Thiruvarur,,,,9,10,,,,,,,13,,,,,,,,9,5.5,,7.5
Tamil Nadu,Tiruchirappalli,8.07,,10.63,11.5,6.79,6.14,7.98,10.21,9.45,8.82,,9.9,,8.46,8.81,7.26,8.02,9.46,6.7,8.16,9.9,7.95,7.03
Tamil Nadu,Tirunelveli,6.84,,9.47,7.49,10.65,8.58,14.03,11.84,15.65,12.29,,12.38,,12.42,10.58,11.87,9.92,9.8,13.46,13.73,8.86,8.12,9.06
Tamil Nadu,Tirupathur,,,,,,,,,,,,,,,,,,,,,7.17,7.33,9.4
Tamil Nadu,Tiruppur,,,,,,,,,,9.55,,19.93,,12.26,10.51,12.83,13.97,11.48,12.87,14.27,5.45,11,14.08
Tamil Nadu,Tiruvannamalai,8.07,,8.46,9,9.68,8,8.72,9.63,9.45,9.75,,9.53,,9.99,8.54,7.96,8.75,9.48,6.93,7.73,6.38,7.09,8.32
Tamil Nadu,Tuticorin,4.83,,5.79,5.71,4.64,6.82,6.13,5.8,4.4,4.81,,11.66,,1.96,9.24,0.93,0.64,2.83,0.46,4.6,0.58,1.01,1.39
Tamil Nadu,Vellore,8.06,,8.46,9,9.69,8.03,8.72,9.64,9.95,9.75,,11.72,,10.34,4.21,7.42,8.31,9.53,7.46,8.11,6.15,6.33,9
Tamil Nadu,Villupuram,8.08,,8.46,9.01,9.68,8.02,8.73,9.63,9.45,9.75,,10.95,,10.23,8.54,8.58,8.89,9.6,8.04,7.8,8.64,8.46,8.86
Tamil Nadu,Virudhunagar,6.96,,7.27,5.71,5.36,4.27,2.63,5.34,6.62,7.21,,7.13,,7.67,3.34,2.81,0.73,2.16,4.42,3.74,0.92,2.38,3.05
Telangana,Adilabad,24.88,26.13,24.99,26.31,22.34,19.4,24,,22.55,24.27,19.18,27.31,,33.34,27.03,29.97,31.45,36.02,28.93,33.47,32.52,22.26,26
Telangana,Bhadradri Kothagudem,,,,,,,,,,,,,,,,,32.75,36.5,,,32.67,23.09,
Telangana,Jagitial,,,,,,,,,,,,,,,,,32.84,34.1,28.36,32.8,32.51,23.44,25.55
Telangana,Jangoan,,,,,,,,,,,,,,,,,32.84,36.36,29.15,32.93,30.6,21.15,11
Telangana,Jayashankar Bhupalapally,,,,,,,,,,,,,,,,,32.86,36.36,29.14,34.27,32.5,23.43,25.6
Telangana,Jogulamba Gadwal,,,,,,,,,,,,,,,,,15.31,19.9,14.06,24.15,13.33,13.34,8.62
Telangana,Kamareddy,,,,,,,,,,,,,,,,,14.33,18.47,17.47,19.82,28.48,33.38,19
Telangana,Karimnagar,23.66,24.13,22.09,25.03,19.17,19.46,22.04,13,19.37,21.63,19.18,27.21,35,26.57,26.94,29.81,32.84,35.25,29.18,33.56,29.76,22.38,
Telangana,Khammam,25.2,26.25,25,27.67,22.33,18.67,,,22.5,24.25,19,,,19,24.5,23.5,32.75,36.25,29,34.5,32.55,21.63,10.5
Telangana,Kumuram Bheem Asifabad,,,,,,,,,,,,,,,,,25.72,26.42,21.28,33.3,32.2,23.43,25.56
Telangana,Mahabubabad,,,,,,,,,,,,,,,,,32,35.62,28.63,33.29,30.26,23.44,25.5
Telangana,Mahabubnagar,15.29,15.02,12.74,17.24,12.22,17.42,19.62,19.67,17.97,21,18.37,15.97,20.75,22.32,16.51,16.33,23.38,28.05,27.79,39.82,27.21,24.72,22.08
Telangana,Mancherial,,,,,,,,,,,,,,,,,32.84,36.37,28.97,33.62,32.5,23.44,25.5
Telangana,Medak,22.04,20.28,21.73,24.12,17.3,16.89,20.19,20.4,18.77,19.18,15.55,28.61,36.75,42.87,26.32,35.22,27.52,39.69,19.93,24.51,25.88,17.75,28.83
Telangana,Medchal Malkajgiri,,,,,,,,,,,,,,,,,32.83,36.38,,34.5,,23.4,
Telangana,Mulugu,,,,,,,,,,,,,,,,,,,29,34.25,33,,26
Telangana,Nagarkurnool,,,,,,,,,,,,,,,,,31.5,33.84,25.55,33.32,27.3,20.36,19.6
Telangana,Nalgonda,25.14,26.13,25,27.72,22.36,19.88,,,,,19.22,27.29,,33.33,27,30.17,,,,34.5,32.5,22.09,25.5
Telangana,Narayanpet,,,,,,,,,,,,,,,,,,,31.98,32.93,30.56,21.91,27.77
Telangana,Nirmal,,,,,,,,,,,,,,,,,32.79,35.72,26.68,33.27,30.1,26.83,25.5
Telangana,Nizamabad,30.22,29.08,31.08,31.03,24.47,20.55,22.24,22.5,22.4,27.05,21.57,25.72,27.5,28.2,30.36,22.65,24.32,31.56,29.46,32.32,32.49,29.95,21.06
Telangana,Peddapalli,,,,,,,,,,,,,,,,,15.1,36.5,23.67,34.33,27.75,23.42,26
Telangana,Rajanna Sircilla,,,,,,,,,,,,,,,,,32.84,36.36,27.29,32.89,31.35,22.89,25.5
Telangana,Ranga Reddy,17.52,24.03,17.35,21.31,20.41,18.33,26.44,18,24.66,27.4,22.04,20.33,30.5,21.27,24.93,25.25,19.14,19.35,17.59,17.02,21.19,21.85,23.89
Telangana,Sangareddy,,,,,,,,,,,,,,,,,43.54,44.34,35.11,21.1,25.28,22.11,22.54
Telangana,Siddipet,,,,,,,,,,,,,,,,,13.88,11.92,12.21,19.21,24.14,23.07,25.56
Telangana,Suryapet,,,,,,,,,,,,,,,,,,,,22.33,32.5,21.5,11
Telangana,Vikarabad,,,,,,,,,,,,,,,,,39.02,42.72,29.63,47.84,40.99,19.74,26.63
Telangana,Wanaparthy,,,,,,,,,,,,,,,,,15.43,22.08,14.53,32.76,20.07,24.71,15.92
Telangana,Warangal,24.89,26.13,24.99,27.03,22.01,18.9,24.14,,21.11,24.05,18.91,27.3,,33.04,27.31,29.83,32.59,36.04,28.645,34.09,31.555,22.685,24.965
Telangana,Yadadri Bhuvanagiri,,,,,,,,,,,,,,,,,33,36,,34.33,32.5,23.43,25.5
Uttar Pradesh,Agra,,,10.65,12.8,11.51,12.83,14.05,14.81,11.72,16.5,18.41,18.09,17.03,13.98,15.68,12.84,12.04,16.72,16.14,16.59,16.09,16.12,15.56
Uttar Pradesh,Aligarh,,,10.7,11.59,11.45,12.85,14.78,15.08,11.72,15.45,18.42,15.51,16.84,15.89,15.19,12.79,13.65,14.5,14.16,15.19,15.87,16.11,16.45
Uttar Pradesh,Ambedkar Nagar,,,10.99,10.97,11.85,12.9,13.31,17.71,11.71,14.89,18.42,10.99,13,15.46,11.73,12.36,13.24,13.2,10.44,13.16,14.29,15.83,16.39
Uttar Pradesh,Amethi,,,,,,,,,,,,9.6,11.72,14.37,10.62,12.59,12.97,13.06,8.6,12.6,14.01,15.75,16.59
Uttar Pradesh,Amroha,,,10.93,13.61,11.67,12.82,14.17,14,11.67,17.12,18.5,22.88,23,20.35,15.3,11.75,13.91,14.6,15.48,14.24,15.19,,15.45
Uttar Pradesh,Auraiya,,,10.84,11.11,11.8,12.87,13.6,12.11,11.72,15.79,18.39,15.82,15.41,18.19,15,16.42,14.55,13.9,13.09,13.84,13.57,15.94,15.92
Uttar Pradesh,Ayodhya,,,11.01,11.69,11.61,12.87,14.54,16.02,11.72,15.58,18.4,13.48,14.32,16.77,12.72,12.45,13.41,13.65,11.54,13.18,14.35,15.89,16.5
Uttar Pradesh,Azamgarh,,,11.09,10.69,12.08,12.91,12.52,9.21,11.72,9.08,18.41,10.02,10.85,14.24,18.83,18.04,12.95,14.43,8.63,15,14.73,15.48,15.4
Uttar Pradesh,Baghpat,,,10.76,12.74,11.53,12.82,14.24,13.79,11.73,14.31,18.42,15.75,16.53,16,15.15,12.22,13.65,14.55,14.83,14.29,16.11,16.05,15.72
Uttar Pradesh,Bahraich,,,11.02,10.6,12.06,12.92,12.83,18.83,11.72,15.52,18.4,10.41,12.54,14.71,18.75,14.74,17.24,16.29,11.07,21.47,22.91,15.6,16.78
Uttar Pradesh,Ballia,,,10.66,12.9,11.08,12.83,15.85,10.42,11.72,12.61,18.41,17.07,19.23,18.02,17.03,9.11,10.96,14.61,6.33,13.76,11.94,15.88,15.41
Uttar Pradesh,Balrampur,,,10.88,11.04,11.75,12.89,13.71,17.67,11.6,15.64,18.41,13.38,14.94,16.84,17.73,15.01,16.43,15.89,12.74,15.6,21.08,15.71,16.32
Uttar Pradesh,Banda,,,10.41,14.08,10.39,12.77,17.01,13.95,11.72,17.13,18.41,22.25,22.04,20.27,15.28,12.34,13.92,14.6,15.37,14.27,15.04,16.21,15.44
Uttar Pradesh,Barabanki,,,10.97,11.25,11.9,12.83,13.14,17.62,11.73,14.49,18.4,10.85,11.82,14.45,10.42,9.38,10.65,11.39,9.73,17.68,17.94,15.76,18
Uttar Pradesh,Bareilly,,,10.7,12.06,11.05,12.87,15.95,13.91,11.72,15.73,18.41,20.83,18.03,18.98,15.19,13.11,13.82,14.43,14.15,14.4,15.65,16.13,15.45
Uttar Pradesh,Basti,,,11.12,10.41,12.01,12.89,12.56,13.56,11.73,14.9,18.41,16.31,14.22,15.84,15.16,12.29,13.72,14.46,13.18,15.67,15.95,16.09,15.6
Uttar Pradesh,Bhadohi,,,11.15,11.55,11.57,12.88,13.5,13.56,11.5,13.98,18.33,11.77,11.87,14.73,15.12,13.57,13.62,14.58,12.48,15.11,16.31,16.01,16.23
Uttar Pradesh,Bijnor,,,10.96,13.21,11.39,12.77,14.54,13.53,11.72,16.22,18,12.57,12.1,17.71,15.5,13.6,13.5,14.33,12.02,15.88,16.08,16,15.69
Uttar Pradesh,Budaun,,,10.91,11.15,11.94,12.9,12.87,13.62,11.72,14.24,18.41,13.02,15.06,14.91,15.16,13.37,13.55,14.5,12.43,14.26,16.05,16.06,15.88
Uttar Pradesh,Bulandshahr,,,11.01,11.74,11.55,12.84,13.74,13.62,11.72,15.48,18.41,19.1,13.67,15.06,15.18,12.96,13.58,14.51,14.17,15.38,16.11,16.1,16.13
Uttar Pradesh,Chandauli,,,10.53,13.11,10.45,12.79,16.47,13.87,11.72,18.47,18.41,22.17,21.92,19.78,16.36,11.36,14.04,13.78,26.17,20.3,21.73,19.19,15.48
Uttar Pradesh,Chitrakoot,,,10.32,14.36,10.23,12.77,19.18,13.97,11.72,16.9,18.4,22.2,21.84,19.63,15.29,11.77,13.9,14.52,14.93,14.58,15.1,16.2,15.45
Uttar Pradesh,Deoria,,,11.16,10.58,12.07,12.85,12.08,13.55,11.73,15.42,18.41,12.93,12.31,14.47,8.99,13.43,13.62,14.41,12.43,16.02,16.22,16.05,15.9
Uttar Pradesh,Etah,,,10.74,11.53,11.52,12.88,14.39,14.74,11.72,15.89,18.41,17.61,17.88,16.15,15.2,12.56,13.65,14.55,12.84,15.07,15.8,16.13,16.08
Uttar Pradesh,Etawah,,,10.93,11.25,11.76,12.86,14.13,12.19,11.75,16.43,18.41,17.45,16.83,16.63,14.7,14.95,14.48,12.87,13.36,12.78,13.88,15.97,15.9
Uttar Pradesh,Farrukhabad,,,10.85,11.85,11.42,12.92,14.89,12.18,11.72,15.3,18.41,17.54,17.98,16.87,13.5,12.04,12.42,11.45,11.28,12.72,15.6,15.91,15.99
Uttar Pradesh,Fatehpur,,,10.35,14.17,10.3,12.79,18.49,13.95,11.72,18.28,18.41,21.88,22.42,20.16,15.29,11.82,13.92,15.19,13,11.71,11.65,13.51,13.31
Uttar Pradesh,Firozabad,,,10.81,12.6,11.48,12.79,14.66,14.49,11.72,14.61,18.41,13.87,14.24,15.52,16.07,13.51,12.64,16.79,16.39,18.79,16.21,16.08,15.7
Uttar Pradesh,Gautam Buddha Nagar,,,10.75,12.05,10.58,,17.18,13.61,11.67,17.14,18.43,21.13,18.15,18.44,15.25,,13.92,14.56,14.56,14.33,15.38,16.18,15.47
Uttar Pradesh,Ghaziabad,,,10.95,10.61,11.63,12.93,13.84,13.68,11.73,14.53,18.33,13.89,,17.8,15,12.5,13.9,14.6,14.27,14.3,15.47,16.2,15.53
Uttar Pradesh,Ghazipur,,,10.7,11.69,11.2,12.84,15.36,13.22,11.72,16.62,18.41,19.96,19.68,20.71,16.17,10.21,12.82,13.49,22.37,20.3,21.36,19.71,16.29
Uttar Pradesh,Gonda,,,10.85,11.67,11.5,12.86,11.97,16.98,11.73,15.89,18.41,12.35,14.58,14.9,18.3,14.45,16.75,16.19,11.79,20.33,21.95,15.67,18.04
Uttar Pradesh,Gorakhpur,,,10.91,11.51,11.65,12.87,13.94,13.63,11.73,14.68,18.41,13.7,14.29,14.77,9.67,13.37,13.69,14.46,12.99,15.52,16.2,16.07,15.71
Uttar Pradesh,Hamirpur,,,10.54,12.67,10.78,12.85,15.55,13.92,11.73,16.67,18.41,21.97,21.48,17.81,15.26,12.02,13.84,14.56,14.53,14.97,15.33,16.17,15.55
Uttar Pradesh,Hapur,,,,,,,,,,,,,23,14.44,15.15,13.53,14,14.5,13.93,15.71,15.81,16.02,15.5
Uttar Pradesh,Hardoi,,,10.81,11.33,11.37,12.89,15.17,13.55,11.72,10.84,18.41,14.72,16.37,17.06,12.76,11.03,10.83,11.74,16.62,14.66,13.55,16.4,15.41
Uttar Pradesh,Hathras,,,10.57,12.91,11.42,12.83,18.13,14.31,11.71,16.27,18.33,12.99,18.84,18.85,15.14,13,13.67,14.43,13,16.13,15.95,16.16,15.45
Uttar Pradesh,Jalaun,,,10.47,13.48,10.83,12.78,16.62,13.88,11.72,14.92,18.41,12.11,12.92,16.41,15.13,13.09,13.71,14.49,12.39,16.3,16.27,16.07,15.98
Uttar Pradesh,Jaunpur,,,11.08,9.34,11.89,12.91,12.99,11.89,11.73,21.11,18.41,18.47,14.64,16.32,22.09,9.73,15.61,17.42,19.13,16.5,21.19,17.18,15.63
Uttar Pradesh,Jhansi,,,10.98,11.17,11.29,12.87,17.78,13.75,11.72,14.32,18.4,15.06,19.11,18.37,15.23,11.8,13.89,14.58,14.18,14.74,15.49,16.22,15.54
Uttar Pradesh,Kannauj,,,10.92,11.77,11.5,12.88,14.51,13.19,11.72,16.46,18.41,14.95,16.53,16.29,15.71,19.19,16.66,14.48,14.57,14.53,13.05,15.95,15.61
Uttar Pradesh,Kanpur Dehat,,,,12.28,11.18,12.82,15.31,12.88,11.72,16.3,18.41,19.33,18.45,16.7,15.02,13.87,14.23,13.8,13.73,12.53,13.27,16.06,15.93
Uttar Pradesh,Kanpur Nagar,,,10.76,11.88,11.31,12.81,13.6,11.7,11.72,15.05,18.41,15.15,13.34,16.21,14.71,8.92,14.32,11.81,12.63,12.44,12.2,16,16.15
Uttar Pradesh,Kasganj,,,,,,,,,,15.95,18.41,19.45,19.45,17.32,15.23,11.91,13.83,14.58,13.85,14.94,16.31,16.2,15.97
Uttar Pradesh,Kaushambi,,,10.51,13.33,10.91,12.8,16.34,13.84,11.72,17.28,18.41,20.26,18.51,17.92,15.26,12.78,13.81,15.04,12.52,14.09,14.01,15.18,15.22
Uttar Pradesh,Kheri,,,10.91,11.69,11.29,12.89,15.47,13.6,11.73,11.8,18.41,15.87,17.18,14.49,12.44,10.28,11.62,11.43,16.11,13.79,13.58,16.38,15.37
Uttar Pradesh,Kushi Nagar,,,10.72,12.48,11.62,12.84,13.49,13.63,11.71,15.47,18.39,15.88,16.14,17.96,12.21,12.66,13.66,14.49,13.64,15.51,15.62,16.09,15.86
Uttar Pradesh,Lalitpur,,,10.56,13.55,10.4,12.76,18.13,13.97,11.72,16.63,18.41,22,22.06,20.03,15.29,11.99,13.89,14.6,15.24,14.26,15.1,16.2,15.45
Uttar Pradesh,Lucknow,,,10.96,11.43,11.76,12.81,13.69,10.67,11.71,10.3,18.4,14.29,14.49,16.87,10.73,7.76,13.71,12.89,15.23,10.8,12.31,16.44,15.42
Uttar Pradesh,Maharajganj,,,11.1,10.59,12.19,12.9,12.2,13.52,11.73,14.34,18.45,11.4,11.45,14.32,8.78,13.53,13.55,14.41,12.06,16.27,16.35,16.03,15.88
Uttar Pradesh,Mahoba,,,10.55,12.8,10.9,12.83,17.92,14,11.72,17.17,18.41,21.65,23,20.36,15.29,11.77,13.93,14.6,15.48,14.26,15,16.19,15.42
Uttar Pradesh,Mainpuri,,,10.68,11.63,11.59,12.87,13.43,15.85,11.72,15.26,18.41,17.38,17.75,15.99,15.78,13.64,12.64,16.52,16.48,18.28,15.98,16.1,15.87
Uttar Pradesh,Mathura,,,10.58,12.38,11.42,12.75,14.79,13.92,11.83,15.75,18.33,12.12,10.09,17,15.75,9.75,12.5,16.57,15.5,14.89,15.56,16.25,15.4
Uttar Pradesh,Mau,,,10.9,11.41,11.38,12.89,14.78,11.32,11.72,13.83,18.41,15.72,16.08,17.06,16.99,14.26,11.94,14.48,7.07,14.29,13.72,15.82,15.41
Uttar Pradesh,Meerut,,,11.09,10.34,12.14,12.91,11.89,13.55,11.72,15.2,18.4,18.63,13.48,15.24,15.29,13.13,13.58,14.41,14.26,16.17,16.27,16.17,15.73
Uttar Pradesh,Mirzapur,,,10.57,13.38,10.65,12.82,17.2,13.89,11.72,16.09,18.41,20.52,20.99,18.64,15.26,11.99,13.84,15,18.28,15.13,15.51,15.94,15.34
Uttar Pradesh,Moradabad,,,10.99,11.26,11.76,12.89,13.4,13.7,11.71,14.49,18.41,12.4,11.54,15.08,15.2,12.67,13.66,14.4,12.43,15.6,16.29,16.13,15.43
Uttar Pradesh,Muzaffarnagar,,,10.92,11.06,11.37,12.92,14.28,13.7,11.72,15.02,18.41,16.47,14.21,16.07,15.15,13.25,13.57,14.48,13.45,15.56,15.88,16.2,15.43
Uttar Pradesh,Pilibhit,,,10.86,11.43,12.26,12.87,11.65,13.55,11.71,14.06,18.33,21.5,11.18,14.5,15.14,13.07,13.56,14.53,12.4,16.28,16.17,16,16.1
Uttar Pradesh,Pratapgarh,,,10.99,10.83,11.57,12.9,14.03,13.63,11.72,16.26,18.41,12.48,12.61,15.02,15.17,13.35,13.66,14.66,12.11,15.72,15.77,15.83,15.18
Uttar Pradesh,Prayagraj,,,,13.44,10.64,12.83,17.39,13.83,11.72,17.93,18.41,21.03,20.85,18.74,15.26,12.17,13.86,15.4,12.39,17.62,17.79,18.28,18.15
Uttar Pradesh,Rae Bareli,,,10.77,12.13,11.51,12.86,14.27,12.16,11.72,11.68,18.41,19.55,19.22,19.55,13.65,11.12,13.39,13.11,15.54,15.06,14.29,16.27,15.41
Uttar Pradesh,Rampur,,,11.13,11.48,11.91,12.87,12.96,13.68,11.74,14.69,18.4,18.17,11.43,19.46,15.2,12.33,13.67,14.5,13.53,15.19,15.7,16.04,15.63
Uttar Pradesh,Saharanpur,,,10.95,11.04,11.39,12.85,13.05,13.69,11.75,15.62,18.39,14.61,15.85,16.31,15.2,11.88,13.71,14.6,13.26,16.24,15.94,16.22,15.45
Uttar Pradesh,Sambhal,,,,,,,,,,,,,13.98,15.47,15.22,12.69,13.72,14.54,14.4,15.54,15.89,16.11,15.88
Uttar Pradesh,Sant Kabeer Nagar,,,11.13,10.09,12.09,12.91,12.98,13.52,11.72,13.96,18.38,11.39,11.1,14.28,15.13,13.48,13.66,14.41,12.12,15.7,16.37,16.03,16.02
Uttar Pradesh,Shahjahanpur,,,10.72,12.66,11.1,12.87,15.55,13.77,11.72,16.32,18.41,17.52,19.2,18.46,15.26,12.89,13.8,14.53,14.69,15.73,16.33,16.13,15.55
Uttar Pradesh,Shamli,,,,,,,,,,,,,20.74,19.94,15.28,11.96,13.8,14.51,14.57,16.29,15.36,16.08,15.45
Uttar Pradesh,Shravasti,,,10.86,10.9,11.57,12.9,14.58,17.27,11.72,16.84,18.42,16.07,14.71,16.3,18.24,14.91,16.51,16.02,11.45,21.15,21.68,15.68,15.61
Uttar Pradesh,Siddharth Nagar,,,10.73,11.42,12.03,12.85,12.7,13.91,11.72,15.44,18.41,16.21,16.53,16.72,15.2,13.52,13.68,14.5,13.6,15.31,15.82,16.11,16.59
Uttar Pradesh,Sitapur,,,10.87,11.19,11.89,12.83,12.98,8.63,11.72,11.11,18.42,13.31,13.54,16.41,10.49,9.66,9.98,12.42,15.61,13.29,11.79,16.51,15.41
Uttar Pradesh,Sonbhadra,,,10.34,14.15,10.27,12.77,19,13.91,11.72,16.41,18.41,22.19,22.66,19.9,15.29,11.9,13.9,15.1,19.48,15.23,15.09,15.9,15.35
Uttar Pradesh,Sultanpur,,,10.94,11.3,11.81,12.89,13.37,17.81,11.72,14.7,18.41,10.64,11.9,14.24,10.21,14.11,14.6,14.23,8.8,9.94,12.02,15.79,17.1
Uttar Pradesh,Unnao,,,10.78,11.98,11.46,12.83,17.11,12.22,11.72,10.93,18.41,17.32,16.47,16.32,11.95,10.51,11.03,12.04,16.23,14.01,13.32,16.42,15.42
Uttar Pradesh,Varanasi,,,10.77,10.93,11.2,12.86,15.52,12.93,11.73,18.74,18.41,18.84,17.96,17.58,14.49,14.6,13.39,13.73,18.67,19.64,20.94,17.61,16.11
Uttarakhand,Almora,2.9,2.76,2.76,12,8,10.5,5.5,5,4,4,4.51,4.6,4.6,4.75,4.75,4.65,4.88,13.97,13.82,13.82,11.75,11.65,13
Uttarakhand,Bageshwar,3.06,3.06,3.06,11,9,9.8,5,6,5,4,4.51,4.6,4.6,4.63,4.63,4.61,4.63,13.97,13.82,13.82,11.75,11.6,12.99
Uttarakhand,Chamoli,8.09,7.16,7.17,14,10.51,22,7,6,5,5,5.79,5.8,5.74,5.55,5.55,5.69,5.7,16.29,16.02,16.02,13.62,13.53,15.1
Uttarakhand,Champawat,4.7,9.98,9.98,12.3,7,11.5,6,5.5,4.5,8,7.51,7.51,7.51,7.32,7.32,4.59,4.6,27.58,26.02,26.02,22.14,21.27,24.61
Uttarakhand,Dehradun,8.04,8.03,8.03,11.1,10.31,11,9.19,7.34,6.41,6,6.1,6.1,6,6.24,6.25,6.11,6.14,16.29,16.03,16.03,14.28,13.77,15.25
Uttarakhand,Haridwar,9.55,10,10,10.6,12,12,12.6,9,9,,,6.5,7,6.25,6.22,6.09,6,16.5,16,16,16,14.09,15.71
Uttarakhand,Nainital,8.44,9.57,9.57,12.22,10.42,12,6.73,6.54,4.34,6,6.5,6.52,6.52,6.42,6.43,6.49,6.49,13.97,13.82,13.82,12.59,12.15,13.17
Uttarakhand,Pauri Garhwal,8.69,2.75,2.75,9,9.5,20,4.5,4,4,3.5,5.05,4.5,4.5,4.55,4.47,4.52,16.03,16.29,16.29,16.29,13.96,15.77,15.72
Uttarakhand,Pithoragarh,5.29,3.05,3.05,11.5,6,10,6,5,4,4,4.51,4.58,4.58,4.61,4.61,4.59,4.6,16.03,16,16,13.6,13.24,14.98
Uttarakhand,Rudra Prayag,7.67,7.06,7.07,11,11,11.5,3.52,3.5,4.5,2.5,5.56,5.5,5.36,5.55,5.53,5.48,5.46,16.25,16.27,16.29,13.87,13.67,15.28
Uttarakhand,Tehri Garhwal,6.18,5.29,5.3,10.5,8.2,10,5,4,4,2.51,6.8,6.8,6.78,6.55,6.55,6.71,16.03,16.29,16.04,16.04,13.63,15.61,15.52
Uttarakhand,Udam Singh Nagar,9.83,10,10.81,12,11.5,11.5,7,8,7,5,5,6,,,,,,14,14,14,13.83,13.83,13.83
Uttarakhand,Uttar Kashi,13.7,5.16,5.18,9.79,6,15,6,6,5,5,6.51,6.5,6.52,6.63,6.62,6.54,6.54,16.29,15.74,15.75,13.38,13.55,14.96
